Hour,Total_Volume,Avg_Tx,Median_Tx,Tx_Std,Tx_Count,Unique_Senders,Unique_Receivers,Large_Tx_Count,Volume_Per_Sender,Tx_Per_Sender,Volume_Change_Pct,TxCount_Change_Pct,is_stress_period
2022-04-20 00:00:00,8122334.956781013,105484.86956858459,692.95572480591,323009.059888637,77,42,44,6,193388.92754240506,1.8333333333333333,,,False
2022-04-20 01:00:00,5017229.798144205,104525.62079467093,1492.13041144,605010.8562684057,48,30,33,1,167240.99327147348,1.6,-38.229218262471186,-37.66233766233766,False
2022-04-20 02:00:00,773775.6326841137,16463.311333704547,2001.8946,37417.69238685753,47,33,35,0,23447.74644497314,1.4242424242424243,-84.57763220312688,-2.083333333333337,False
2022-04-20 03:00:00,897166.5972060771,19088.651004384617,4177.0,41931.31947359751,47,34,37,0,26387.252859002267,1.3823529411764706,15.946607687029157,0.0,False
2022-04-20 04:00:00,2334498.591284616,31547.278260602918,2466.54390906,87590.63999718655,74,41,45,3,56938.9900313321,1.8048780487804879,160.20792554633942,57.446808510638306,False
2022-04-20 05:00:00,3070988.122010828,61419.76244021656,1985.05795761,290064.33728671254,50,40,26,2,76774.7030502707,1.25,31.54808203679147,-32.432432432432435,False
2022-04-20 06:00:00,802816.4089535663,13160.92473694371,1000.0,29076.25485723425,61,44,32,0,18245.827476217415,1.3863636363636365,-73.85804252385397,21.999999999999996,False
2022-04-20 07:00:00,1868058.9062790603,32207.91217722518,3904.7662735050003,76704.40502589749,58,41,30,2,45562.41234826976,1.4146341463414633,132.68818193614004,-4.918032786885251,False
2022-04-20 08:00:00,481397.92013658816,9439.174904638983,1000.0,19426.531408484814,51,37,39,0,13010.754598286167,1.3783783783783783,-74.23004603770913,-12.06896551724138,False
2022-04-20 09:00:00,2588020.1325777443,37507.538153300644,7810.99,202488.12580756433,69,38,39,1,68105.79296257222,1.8157894736842106,437.605175328435,35.29411764705883,False
2022-04-20 10:00:00,1925661.8361638354,37031.95838776606,7969.397543745625,145736.0167559419,52,37,37,2,52044.91449091447,1.4054054054054055,-25.59324357937589,-24.63768115942029,False
2022-04-20 11:00:00,2729348.7979625743,66569.48287713596,3027.29342413344,177800.85121774286,41,27,29,3,101086.99251713238,1.5185185185185186,41.73562287549855,-21.153846153846157,False
2022-04-20 12:00:00,9315081.249510255,179136.1778751972,1999.998,450123.5479986585,52,26,39,7,358272.3557503944,2.0,241.2931779354786,26.82926829268293,False
2022-04-20 13:00:00,2054209.3446132017,28530.685341850025,9760.023635411435,53151.04339526811,72,38,40,0,54058.14064771583,1.894736842105263,-77.94748870578877,38.46153846153846,False
2022-04-20 14:00:00,1552201.0123591342,22495.66684578455,8234.243175,39231.68783379956,69,42,42,0,36957.16696093177,1.6428571428571428,-24.43803176976558,-4.1666666666666625,False
2022-04-20 15:00:00,3104642.537580398,43120.03524417219,2502.5,175694.93149509028,72,40,50,3,77616.06343950995,1.8,100.01549495588615,4.347826086956519,False
2022-04-20 16:00:00,1786053.6239881795,54122.83709055089,986.53,183799.70108144658,33,22,26,1,81184.25563582634,1.5,-42.47152120191783,-54.16666666666667,False
2022-04-20 17:00:00,864046.9797858055,23352.621075292038,1558.65992405516,97896.29141736207,37,26,32,1,33232.576145607905,1.4230769230769231,-51.62256226907531,12.12121212121211,False
2022-04-20 18:00:00,8108845.978061083,81088.45978061082,14255.151265,166657.54209216917,100,56,60,9,144800.82103680505,1.7857142857142858,838.4728108269345,170.27027027027026,False
2022-04-20 19:00:00,12374803.635984749,164997.38181313,2945.0,353426.42773734505,75,50,51,12,247496.07271969496,1.5,52.60869018187597,-25.0,False
2022-04-20 20:00:00,5019126.991360933,59048.55283954038,4995.0,174922.1559719899,85,49,53,2,102431.16308899863,1.7346938775510203,-59.440754463644254,13.33333333333333,False
2022-04-20 21:00:00,569195.948456023,10739.546197283453,2970.00000114636,22195.579430358324,53,32,33,0,17787.37338925072,1.65625,-88.65946310113812,-37.64705882352941,False
2022-04-20 22:00:00,1549676.589119738,20662.354521596506,3300.0,47284.14958333691,75,42,49,0,36897.06164570805,1.7857142857142858,172.25713628554905,41.50943396226414,False
2022-04-20 23:00:00,6046932.942545412,80625.77256727216,11493.735038,226753.56953246176,75,41,40,4,147486.1693303759,1.829268292682927,290.20612332927146,0.0,False
2022-04-21 00:00:00,1172973.2867228806,17507.063980938517,1425.59012346056,42720.96322274118,67,38,42,0,30867.718071654752,1.763157894736842,-80.60217803194082,-10.666666666666668,False
2022-04-21 01:00:00,14699897.210781446,229685.8939184601,3133.5,367901.0727323326,64,38,35,16,386839.40028372227,1.6842105263157894,1153.216708101755,-4.477611940298509,False
2022-04-21 02:00:00,10721524.332454538,162447.3383705233,3479.6255,477699.5736985301,66,40,46,9,268038.10831136344,1.65,-27.063950320747978,3.125,False
2022-04-21 03:00:00,6070217.206393552,51882.19834524403,10000.0,151962.2281881011,117,51,48,4,119023.86679203043,2.2941176470588234,-43.3828901733802,77.27272727272727,False
2022-04-21 04:00:00,7919204.697109475,97767.95922357377,8852.974745,407701.1334942854,81,38,46,3,208400.1236081441,2.1315789473684212,30.459988956712248,-30.76923076923077,False
2022-04-21 05:00:00,5762280.964119072,84739.42594292753,1427.6680000000001,389147.9212844518,68,45,39,3,128050.68809153493,1.511111111111111,-27.23662053814172,-16.049382716049386,False
2022-04-21 06:00:00,934705.313250244,25964.036479173446,1853.085313755,44106.327172752935,36,28,27,0,33382.332616080144,1.2857142857142858,-83.77890076741268,-47.05882352941176,False
2022-04-21 07:00:00,2322852.4330044063,44670.23909623858,8264.08888577092,126977.85506662028,52,30,38,1,77428.41443348021,1.7333333333333334,148.51173948366338,44.44444444444444,False
2022-04-21 08:00:00,6878178.567751733,114636.30946252888,7902.624024646655,278442.64542880066,60,25,39,7,275127.1427100693,2.4,196.10914882162405,15.384615384615374,False
2022-04-21 09:00:00,5937698.04695177,116425.4519010151,3009.4875,498278.545512803,51,33,38,3,179930.24384702332,1.5454545454545454,-13.673394948037487,-15.000000000000002,False
2022-04-21 10:00:00,6290935.927736909,153437.46165211973,1993.02441455,406403.4159012207,41,31,31,4,202933.41702377127,1.3225806451612903,5.949071138207862,-19.6078431372549,False
2022-04-21 11:00:00,567613.0712711572,15340.893818139384,2179.98911249532,39830.231816691354,37,24,30,0,23650.54463629822,1.5416666666666667,-90.97728735769608,-9.756097560975608,False
2022-04-21 12:00:00,1096990.341456874,13885.95368932752,1990.0,56972.20349868619,79,46,46,1,23847.616118627695,1.7173913043478262,93.2637560654105,113.51351351351352,False
2022-04-21 13:00:00,41270049.679263815,458556.1075473757,7368.407817416924,2812064.148662665,90,48,51,2,859792.7016513295,1.875,3662.116047845465,13.924050632911399,False
2022-04-21 14:00:00,2560634.416495046,27832.982787989633,4348.408596,76146.28278440119,92,59,61,1,43400.58333042451,1.5593220338983051,-93.79541716960512,2.2222222222222143,False
2022-04-21 15:00:00,2132377.9227412236,28057.60424659505,6723.5,59955.87028609236,76,51,50,0,41811.331818455365,1.4901960784313726,-16.724624608459838,-17.391304347826086,False
2022-04-21 16:00:00,1149461.9557719284,17156.148593610873,1965.01929588452,41697.27446495225,67,37,43,0,31066.539345187255,1.8108108108108107,-46.09482946183071,-11.842105263157897,False
2022-04-21 17:00:00,16755389.357034171,229525.88160320782,4887.108,719535.5957721777,73,51,52,7,328537.0462163563,1.4313725490196079,1357.6723720953412,8.955223880597018,False
2022-04-21 18:00:00,5484861.327556133,101571.50606585432,4830.916479648955,462011.1733231047,54,33,39,2,166207.9190168525,1.6363636363636365,-67.26509178222406,-26.027397260273975,False
2022-04-21 19:00:00,20337687.26018183,193692.25962077934,4840.68651258363,567502.7059609209,105,58,56,13,350649.7803479626,1.8103448275862069,270.79674481476104,94.44444444444444,False
2022-04-21 20:00:00,3273913.530105461,47448.02217544146,3996.0,153503.84068342607,69,46,46,3,71172.0332631622,1.5,-83.90223289294404,-34.285714285714285,False
2022-04-21 21:00:00,6605953.696817881,85791.60645218028,2157.77,231973.56910092031,77,47,50,4,140552.20631527406,1.6382978723404256,101.77544813179864,11.594202898550732,False
2022-04-21 22:00:00,3642645.9340088973,54367.84976132683,2110.60204589813,157107.9036093381,67,34,41,4,107136.64511790875,1.9705882352941178,-44.85813705046742,-12.987012987012992,False
2022-04-21 23:00:00,3329655.1374889235,59458.127455159345,2119.5436076003352,139060.62119326516,56,39,38,5,85375.77275612624,1.435897435897436,-8.592402396230515,-16.417910447761198,False
2022-04-22 00:00:00,513043.9481626621,10260.878963253243,2537.75,24072.213540379053,50,39,31,0,13154.973029811848,1.2820512820512822,-84.59167910855847,-10.71428571428571,False
2022-04-22 01:00:00,3551713.157112477,77211.15558940168,2044.953,247660.2644960325,46,26,36,3,136604.35219663373,1.7692307692307692,592.2824389279017,-7.9999999999999964,False
2022-04-22 02:00:00,13677043.272204267,179961.09568689825,2998.25,710962.1152566655,76,47,56,8,291000.92068519717,1.6170212765957446,285.0829914238803,65.21739130434783,False
2022-04-22 03:00:00,18308567.33492789,300140.44811357197,5056.18140603079,895669.7715514264,61,34,42,12,538487.2745567027,1.7941176470588236,33.86348913683872,-19.736842105263154,False
2022-04-22 04:00:00,796598.9881628325,15619.588003192794,5674.45986,26488.62544489728,51,27,31,0,29503.666228253052,1.8888888888888888,-95.64903701316305,-16.393442622950815,False
2022-04-22 05:00:00,421133.35476767377,10026.984637325566,1976.6638115,27133.16784782803,42,27,28,0,15597.531658061991,1.5555555555555556,-47.13358151020021,-17.647058823529417,False
2022-04-22 06:00:00,1186805.4213779236,24725.112945373407,3917.8694665774947,52350.35293941519,48,30,30,0,39560.18071259745,1.6,181.81225921481507,14.28571428571428,False
2022-04-22 07:00:00,1815662.3432670322,46555.44469915467,1000.0,239411.45975028307,39,28,32,1,64845.083688108294,1.3928571428571428,52.987365119969134,-18.75,False
2022-04-22 08:00:00,9029019.859335072,177039.6050850014,740.568176886326,530598.2448476175,51,36,38,5,250806.107203752,1.4166666666666667,397.28518591670553,30.76923076923077,False
2022-04-22 09:00:00,2159145.405519035,26989.31756898794,8113.1032405,60243.103520501856,80,42,45,0,51408.22394092941,1.9047619047619047,-76.08660254206106,56.86274509803921,False
2022-04-22 10:00:00,27693542.29631764,512843.37585773406,834.9421962335715,2629566.2869051974,54,37,35,7,748474.116116693,1.4594594594594594,1182.6159009731173,-32.49999999999999,False
2022-04-22 11:00:00,14684609.359881667,240731.3009816667,3005.18491623191,1361843.5054960037,61,38,44,2,386437.0884179386,1.605263157894737,-46.974608005151254,12.962962962962955,False
2022-04-22 12:00:00,402785.01134232944,11508.143181209412,1948.69030268016,41875.68499003238,35,26,29,0,15491.731205474209,1.3461538461538463,-97.2570941352874,-42.622950819672134,False
2022-04-22 13:00:00,5455053.749581249,77929.33927973213,5103.788695062814,260405.57184716093,70,41,44,5,133050.0914532012,1.7073170731707317,1254.333849564468,100.0,False
2022-04-22 14:00:00,629763.559851164,9688.67015155637,5835.06850094361,20604.226090657343,65,27,43,0,23324.57629078385,2.4074074074074074,-88.45541054660539,-7.14285714285714,False
2022-04-22 15:00:00,2670662.423795565,28112.236039953317,2997.0,66491.42201033955,95,58,54,0,46045.903858544225,1.6379310344827587,324.0738261240043,46.153846153846146,False
2022-04-22 16:00:00,2197712.858119044,25855.44538963581,2011.05382500073,84823.29833517446,85,49,57,2,44851.282818756,1.7346938775510203,-17.7090732794436,-10.526315789473683,False
2022-04-22 17:00:00,2267460.527688535,34355.462540735374,4252.5,81649.55860442825,66,39,42,1,58140.013530475255,1.6923076923076923,3.173647972792315,-22.352941176470587,False
2022-04-22 18:00:00,5093327.569704106,94320.8809204464,2722.275,271916.046817229,54,33,30,4,154343.25968800322,1.6363636363636365,124.62695634645864,-18.181818181818176,False
2022-04-22 19:00:00,1409610.1504094398,20429.13261462956,4045.95,54404.18818244746,69,37,49,0,38097.57163268756,1.864864864864865,-72.32437672389231,27.777777777777768,False
2022-04-22 20:00:00,3932777.0775819933,59587.53147851505,2995.4425435000003,197806.28790540755,66,35,41,5,112365.05935948552,1.8857142857142857,178.99749987183807,-4.347826086956519,False
2022-04-22 21:00:00,47960424.460432805,607093.9805118076,19894.23,1475509.0758906698,79,42,44,25,1141914.868105543,1.880952380952381,1119.5052888662717,19.696969696969703,False
2022-04-22 22:00:00,7333200.478668903,135800.00886423895,4506.993,268944.31721536134,54,36,34,8,203700.0132963584,1.5,-84.70989245577097,-31.645569620253166,False
2022-04-22 23:00:00,959617.5496862003,34272.055345935725,4030.512728,104716.34146899637,28,23,21,1,41722.50216026958,1.2173913043478262,-86.91406906878419,-48.14814814814815,False
2022-04-23 00:00:00,1276589.2155072684,19342.26084101922,5319.089397707776,45520.35619249613,66,33,32,0,38684.52168203844,2.0,33.03104095217093,135.71428571428572,False
2022-04-23 01:00:00,5536553.25122013,117799.00534510915,498.139832509212,304098.90282265714,47,28,32,6,197734.04468643322,1.6785714285714286,333.6988895069204,-28.787878787878785,False
2022-04-23 02:00:00,1851839.1060590018,28934.986032171902,2959.695466365,70208.26285548508,64,52,24,0,35612.29050113465,1.2307692307692308,-66.55249173931637,36.170212765957444,False
2022-04-23 03:00:00,1919776.726879813,40846.31333786836,1010.0,218003.60079319324,47,29,35,1,66199.19747861424,1.6206896551724137,3.668656774691015,-26.5625,False
2022-04-23 04:00:00,1644457.1187912917,46984.48910832262,3918.19200791307,250383.63470955525,35,23,25,1,71498.13559962138,1.5217391304347827,-14.34123063550179,-25.531914893617024,False
2022-04-23 05:00:00,633606.9009808048,15840.17252452012,765.620349974288,52349.16104428041,40,31,24,0,20438.93228970338,1.2903225806451613,-61.470147579979574,14.28571428571428,False
2022-04-23 06:00:00,3999515.81202175,64508.319548737905,1181.966143362215,186449.27854273363,62,36,43,3,111097.66144504861,1.7222222222222223,531.22983759025,55.00000000000001,False
2022-04-23 07:00:00,259669.12855689361,8655.63761856312,5082.034097326135,9967.258293973826,30,23,20,0,11289.962111169287,1.3043478260869565,-93.50748588675711,-51.61290322580645,False
2022-04-23 08:00:00,244222.95760005835,6783.971044446065,739.788534346145,21354.12016027292,36,23,26,0,10618.389460872102,1.565217391304348,-5.948404819116182,19.999999999999996,False
2022-04-23 09:00:00,262071.66404691356,7941.565577179199,94.4494163384834,20864.44681438022,33,17,18,0,15415.980238053739,1.9411764705882353,7.308365528880545,-8.333333333333337,False
2022-04-23 10:00:00,205071.2671066454,5542.466678557984,1014.92493487299,17724.788924531193,37,26,25,0,7887.356427178669,1.4230769230769231,-21.749927504586875,12.12121212121211,False
2022-04-23 11:00:00,67438.73205677696,2175.4429695734502,753.727742350478,2213.9150295426193,31,21,24,0,3211.3681931798556,1.4761904761904763,-67.11448999741827,-16.216216216216218,False
2022-04-23 12:00:00,264518.12657053233,9121.3147093287,719.0,24072.29649257039,29,20,19,0,13225.906328526617,1.45,292.2347269931371,-6.451612903225811,False
2022-04-23 13:00:00,2129390.784647503,36091.36923131361,1000.0,105930.23245679268,59,40,37,3,53234.76961618757,1.475,705.0075101676302,103.44827586206895,False
2022-04-23 14:00:00,4528540.668659435,146081.95705353015,1079.5,320478.3844629588,31,21,25,5,215644.79374568738,1.4761904761904763,112.66836981306297,-47.45762711864406,False
2022-04-23 15:00:00,32106958.08116828,535115.9680194713,6147.5,1474348.0167032557,60,32,42,16,1003342.4400365087,1.875,608.9912718101474,93.5483870967742,False
2022-04-23 16:00:00,3101940.8978691427,75657.09506997908,3791.205,180726.5549584045,41,27,32,5,114886.69992107936,1.5185185185185186,-90.33872692010482,-31.666666666666664,False
2022-04-23 17:00:00,3076353.057369955,58044.397308867075,920.03252899,126232.17870806366,53,32,38,6,96136.03304281109,1.65625,-0.8248977444014205,29.268292682926834,False
2022-04-23 18:00:00,321914.0554684597,9468.060454954697,1000.0,17866.885566919973,34,23,29,0,13996.263281237378,1.4782608695652173,-89.5358546478514,-35.84905660377359,False
2022-04-23 19:00:00,766405.4886055999,17031.233080124442,5000.0,26203.478031103597,45,28,30,0,27371.62459305714,1.6071428571428572,138.0776718463883,32.35294117647059,False
2022-04-23 20:00:00,4311531.023443336,59062.068814292266,4438.07680390154,202198.82400833812,73,38,48,5,113461.34272219305,1.9210526315789473,462.5652591929824,62.22222222222222,False
2022-04-23 21:00:00,249016.278582027,4293.384113483225,989.679340991903,12523.2934086356,58,36,40,0,6917.11884950075,1.6111111111111112,-94.2244117639874,-20.547945205479458,False
2022-04-23 22:00:00,750271.4867586929,15311.662995075365,1264.0,29085.652208909007,49,30,37,0,25009.049558623097,1.6333333333333333,201.2941527481507,-15.517241379310342,False
2022-04-23 23:00:00,3040974.350649507,49047.97339757269,1778.6372795000002,110534.5452005504,62,35,41,2,86884.98144712877,1.7714285714285714,305.3165293255459,26.530612244897966,False
2022-04-24 00:00:00,2047862.8844102528,51196.57211025632,1570.554425015,128182.60707603612,40,30,33,3,68262.09614700843,1.3333333333333333,-32.657673223292406,-35.483870967741936,False
2022-04-24 01:00:00,12190431.037284935,297327.5862752423,950.0,540595.8472827813,41,25,31,11,487617.2414913974,1.64,495.2757447818855,2.499999999999991,False
2022-04-24 02:00:00,379326.21618264075,6118.164777139367,1282.360893416425,11029.435522350912,62,50,27,0,7586.524323652815,1.24,-96.88832810732897,51.21951219512195,False
2022-04-24 03:00:00,718763.8807722416,13822.382322543108,1000.00899,35592.62591753014,52,29,34,0,24784.961405939368,1.793103448275862,89.48436730936781,-16.129032258064512,False
2022-04-24 04:00:00,792504.2664501123,20855.375432897694,2431.340469575,56962.08173175269,38,21,26,0,37738.2984023863,1.8095238095238095,10.25933378825934,-26.923076923076927,False
2022-04-24 05:00:00,1305818.1150174197,27783.364149306803,4288.40626246491,111086.08564414759,47,32,27,2,40806.816094294365,1.46875,64.77111484416471,23.684210526315795,False
2022-04-24 06:00:00,550095.0341709813,13097.500813594792,1493.0,35484.37509660246,42,29,28,0,18968.794281757975,1.4482758620689655,-57.87353323983846,-10.63829787234043,False
2022-04-24 07:00:00,1605991.4236812007,64239.656947248026,2597.59584696509,153815.90497242566,25,21,16,3,76475.78208005718,1.1904761904761905,191.94799514987523,-40.476190476190474,False
2022-04-24 08:00:00,4159418.7124475697,74275.33415084946,6146.35333019662,200676.93416569833,56,31,36,2,134174.79717572805,1.8064516129032258,158.99383092055913,124.00000000000003,False
2022-04-24 09:00:00,1495922.419243095,42740.640549802716,781.435435,79999.69775730303,35,25,24,0,59836.8967697238,1.4,-64.03530102015544,-37.5,False
2022-04-24 10:00:00,3871844.8903981247,168341.0821912228,990.0,318162.1843398436,23,20,19,4,193592.24451990623,1.15,158.82658355753478,-34.285714285714285,False
2022-04-24 11:00:00,9025237.105086692,334268.04092913674,907.91422692,709853.5490099773,27,20,24,6,451261.8552543346,1.35,133.09913905561092,17.391304347826097,False
2022-04-24 12:00:00,1643959.7999424366,42152.8153831394,2490.0,73871.84750274575,39,29,29,0,56688.2689635323,1.3448275862068966,-81.78485749680871,44.44444444444444,False
2022-04-24 13:00:00,8828509.163435748,173108.02281246564,3011.4556980472,527277.7205468185,51,31,34,4,284790.6181753467,1.6451612903225807,437.02707108439506,30.76923076923077,False
2022-04-24 14:00:00,10136451.934967123,349532.8253436939,695.46,1856060.2926085568,29,21,21,1,482688.1873793868,1.380952380952381,14.814990247145744,-43.13725490196079,False
2022-04-24 15:00:00,5037322.688080767,74078.27482471717,1507.8190140000002,338353.7749463577,68,47,53,2,107177.07846980356,1.446808510638298,-50.30487274641129,134.48275862068962,False
2022-04-24 16:00:00,2814934.2739022244,40796.14889713369,1273.43846486839,74584.77368157994,69,41,43,0,68656.93350981035,1.6829268292682926,-44.118444495071216,1.4705882352941124,False
2022-04-24 17:00:00,2524261.9769442515,53707.701637111735,2672.42270227908,146639.569778743,47,31,33,2,81427.80570787907,1.5161290322580645,-10.326077580313308,-31.88405797101449,False
2022-04-24 18:00:00,2086460.3276359797,50889.276283804385,4097.95102449,156233.4073647277,41,25,29,2,83458.41310543919,1.64,-17.343748521627422,-12.765957446808507,False
2022-04-24 19:00:00,2384158.8559741783,41106.18717196859,1294.3644997143401,85192.19296667342,58,34,39,0,70122.31929335819,1.7058823529411764,14.268113531566629,41.46341463414633,False
2022-04-24 20:00:00,564084.0187282269,12001.787632515467,899.0,40854.93182629623,47,29,30,0,19451.17305959403,1.6206896551724137,-76.34033414699879,-18.965517241379317,False
2022-04-24 21:00:00,2297245.137594637,42541.576622122906,1296.704495,118148.23947719639,54,31,40,2,74104.68185789151,1.7419354838709677,307.25229953756934,14.893617021276606,False
2022-04-24 22:00:00,2685398.784712409,68856.37909518997,666.746824,197424.0512314814,39,25,32,4,107415.95138849637,1.56,16.89648356484037,-27.77777777777778,False
2022-04-24 23:00:00,4232631.353657425,114395.44199074122,1500.0,239968.8380966921,37,21,28,4,201553.87398368694,1.7619047619047619,57.61649173870151,-5.128205128205132,False
2022-04-25 00:00:00,713438.5439648891,14559.970284997737,1000.0,30521.699888024654,49,24,33,0,29726.60599853705,2.0416666666666665,-83.1443259676181,32.432432432432435,False
2022-04-25 01:00:00,781040.2746160738,11833.943554788997,1799.984978824095,28509.113839746755,66,43,38,0,18163.72731665288,1.5348837209302326,9.475480575452554,34.6938775510204,False
2022-04-25 02:00:00,482473.7074017697,7422.672421565688,2374.49,17287.129747880612,65,38,35,0,12696.676510572886,1.7105263157894737,-38.22678252553195,-1.5151515151515138,False
2022-04-25 03:00:00,325812.1644882502,7082.873141048918,2705.9871745,9741.405526387221,46,28,34,0,11636.148731723222,1.6428571428571428,-32.470482952776315,-29.230769230769226,False
2022-04-25 04:00:00,1025281.396892326,20505.62793784652,4603.533999657446,43181.66728627505,50,32,33,0,32040.043652885186,1.5625,214.68481187702886,8.695652173913038,False
2022-04-25 05:00:00,8378663.158235242,220491.13574303268,6893.1,421352.16266080743,38,27,26,8,310320.8577124164,1.4074074074074074,717.2062015005193,-24.0,False
2022-04-25 06:00:00,269114.366161886,8409.823942558938,5190.382451950565,10166.74618387478,32,25,20,0,10764.574646475441,1.28,-96.78809899527494,-15.789473684210531,False
2022-04-25 07:00:00,36008568.986452185,428673.44031490694,10119.281414595,1023221.6196277197,84,50,50,21,720171.3797290437,1.68,13280.396409157584,162.5,False
2022-04-25 08:00:00,4239590.511427026,55784.0856766714,7491.17862468589,180473.25136013996,76,36,40,3,117766.40309519517,2.111111111111111,-88.22616218650032,-9.523809523809524,False
2022-04-25 09:00:00,1166717.9589047928,22013.546394430054,6861.8819291844,62571.20945168094,53,32,36,0,36459.936215774775,1.65625,-72.48040923386063,-30.263157894736846,False
2022-04-25 10:00:00,337674.4125750424,7852.89331569866,6550.4339432288,11879.710087034447,43,23,28,0,14681.496198914887,1.8695652173913044,-71.05775136160413,-18.867924528301884,False
2022-04-25 11:00:00,1767632.1955602001,22661.95122513077,7306.04716054602,50385.32453330549,78,34,40,0,51989.182222358824,2.2941176470588234,423.47235376247943,81.3953488372093,False
2022-04-25 12:00:00,2946895.1183691584,34669.3543337548,7875.22882473039,156333.7921200634,85,34,38,2,86673.38583438701,2.5,66.71427041049253,8.974358974358964,False
2022-04-25 13:00:00,3708002.834606408,40747.28389677372,4479.89616353154,179017.23341730633,91,48,51,3,77250.05905430017,1.8958333333333333,25.827445011292237,7.058823529411762,False
2022-04-25 14:00:00,746294.1734934321,8884.454446350383,7223.90672938834,9856.732014411129,84,44,50,0,16961.23121575982,1.9090909090909092,-79.8734195527483,-7.692307692307687,False
2022-04-25 15:00:00,1305667.4231465198,18652.391759235998,3496.5,51277.89038099048,70,33,44,0,39565.67948928848,2.121212121212121,74.95345260899462,-16.666666666666664,False
2022-04-25 16:00:00,5381319.733790714,49827.03457213625,3891.105,161932.37612506252,108,52,59,6,103486.91795751374,2.076923076923077,312.15087689193507,54.28571428571429,False
2022-04-25 17:00:00,1646688.2120091089,27444.80353348515,5727.61157741985,129592.20865826774,60,30,42,1,54889.6070669703,2.0,-69.39991872868801,-44.44444444444444,False
2022-04-25 18:00:00,1810825.098585571,26243.842008486536,4966.35675412,120674.46122838656,69,34,42,1,53259.56172310503,2.0294117647058822,9.967696700530837,14.999999999999991,False
2022-04-25 19:00:00,2180358.426092309,24776.800296503512,12500.0,39274.24042287977,88,41,49,0,53179.473807129485,2.1463414634146343,20.406903339001616,27.536231884057962,False
2022-04-25 20:00:00,5248782.40013954,33220.141773035066,2985.44237381316,147166.2324286523,158,72,91,4,72899.75555749361,2.1944444444444446,140.73025505015408,79.54545454545455,False
2022-04-25 21:00:00,2646160.8246943876,20673.131442924903,9929.561663,41370.907910904665,128,55,64,0,48112.01499444341,2.327272727272727,-49.58524429162774,-18.9873417721519,False
2022-04-25 22:00:00,353198.08834871097,4586.98816037287,965.0,9203.353423500306,77,39,51,0,9056.361239710537,1.9743589743589745,-86.65243302475756,-39.84375,False
2022-04-25 23:00:00,1347406.38312827,17498.78419647104,1013.30266191353,42980.40141337045,77,36,50,0,37427.95508689639,2.138888888888889,281.48745069027143,0.0,False
2022-04-26 00:00:00,12216590.41831878,127256.15019082063,999.0,1021966.2784378281,96,44,59,4,277649.78223451774,2.1818181818181817,806.6745245748021,24.675324675324674,False
2022-04-26 01:00:00,2130093.434792894,21090.034007850434,1756.05112101882,44393.423357588166,101,68,45,0,31324.903452836676,1.4852941176470589,-82.56392854426208,5.208333333333326,False
2022-04-26 02:00:00,5240013.415060568,70810.99209541308,4412.89378164844,221955.67871957054,74,55,47,5,95272.97118291941,1.3454545454545455,145.99922845966833,-26.732673267326735,False
2022-04-26 03:00:00,3208087.1409437717,38191.513582663945,8500.0,71307.40416776814,84,38,41,1,84423.34581430978,2.210526315789474,-38.77711969737982,13.513513513513509,False
2022-04-26 04:00:00,1419700.6207520887,24062.722385628622,1998.0,50573.33833713632,59,43,39,0,33016.29350586253,1.372093023255814,-55.7461952129382,-29.761904761904766,False
2022-04-26 05:00:00,1214593.5412904983,19590.218407911263,1816.91,49891.839587770744,62,34,44,0,35723.33944972054,1.8235294117647058,-14.447206436589044,5.084745762711873,False
2022-04-26 06:00:00,1535548.2156779573,31337.718687305252,1710.0,91935.31038391982,49,35,35,1,43872.80616222735,1.4,26.424862596127973,-20.967741935483875,False
2022-04-26 07:00:00,2990341.4198827758,66452.03155295058,6467.34016364,216020.49584366355,45,32,33,2,93448.16937133674,1.40625,94.7409654318484,-8.163265306122447,False
2022-04-26 08:00:00,448747.6003711594,8466.93585605961,6201.0,8786.387627751115,53,38,32,0,11809.147378188405,1.394736842105263,-84.9934326098205,17.777777777777782,False
2022-04-26 09:00:00,12418077.631224051,210475.89205464494,3000.0,582860.9332740543,59,30,38,8,413935.9210408017,1.9666666666666666,2667.2744368890335,11.32075471698113,False
2022-04-26 10:00:00,7390228.9959426625,157238.91480729068,3026.979,531291.0687207043,47,37,34,3,199735.91880926114,1.2702702702702702,-40.48813982801454,-20.33898305084746,False
2022-04-26 11:00:00,2300194.4823833695,28752.43102979212,7928.89695406473,54698.703659052284,80,41,43,0,56102.30444837487,1.951219512195122,-68.87519339865914,70.2127659574468,False
2022-04-26 12:00:00,2592712.632912593,39887.88666019374,5330.18,108696.92783810169,65,43,41,3,60295.64262587426,1.5116279069767442,12.717105130437844,-18.75,False
2022-04-26 13:00:00,15741856.728382364,187403.05629026625,8675.263675125036,535929.1240899502,84,39,40,8,403637.3520098042,2.1538461538461537,507.1577902059407,29.230769230769237,False
2022-04-26 14:00:00,7958157.372908683,93625.3808577492,8507.19420683569,278837.5873433368,85,46,48,7,173003.42115018875,1.8478260869565217,-49.445878524861506,1.1904761904761862,False
2022-04-26 15:00:00,2775087.8978933454,27476.117800924214,3996.2997000075,78718.76384366139,101,48,59,3,57814.33120611136,2.1041666666666665,-65.12901457138364,18.823529411764707,False
2022-04-26 16:00:00,22961906.254083868,176630.04810833745,9894.316715500001,332973.4986099461,130,67,70,21,342715.01871766965,1.9402985074626866,727.4298724561106,28.712871287128717,False
2022-04-26 17:00:00,2688667.883481512,28301.76719454223,4995.0,72595.74253969768,95,55,57,0,48884.87060875476,1.7272727272727273,-88.29074618748902,-26.923076923076927,False
2022-04-26 18:00:00,9045842.064690705,177369.45224883736,8723.630033,631250.0317206077,51,35,32,4,258452.63041973443,1.457142857142857,236.4432669526068,-46.31578947368421,False
2022-04-26 19:00:00,6411312.3191183265,92917.56984229459,5205.617152,252825.04668021013,69,43,52,5,149100.28649112387,1.6046511627906976,-29.124206754127748,35.29411764705883,False
2022-04-26 20:00:00,2972609.571863325,34167.92611337155,7573.411245,98115.23025299571,87,42,36,1,70776.41837769821,2.0714285714285716,-53.63492801623313,26.086956521739136,False
2022-04-26 21:00:00,9720232.988046346,111726.8159545557,2500.0,303217.62537989335,87,46,47,7,211309.41278361622,1.891304347826087,226.99326141082832,0.0,False
2022-04-26 22:00:00,886835.5162785511,11668.888372086198,2691.5152271300003,29419.19590553647,76,46,42,0,19279.032962577196,1.6521739130434783,-90.87639650850802,-12.643678160919535,False
2022-04-26 23:00:00,3214581.916761082,54484.439267136986,2828.49076,159655.46926805904,59,39,39,2,82425.17735284826,1.5128205128205128,262.47780538272855,-22.368421052631582,False
2022-04-27 00:00:00,4514865.576598577,125412.93268329381,2716.9837389450004,340986.74237335846,36,24,28,3,188119.3990249407,1.5,40.44954191578427,-38.983050847457626,False
2022-04-27 01:00:00,1978014.291651816,49450.357291295404,3042.71670705125,95560.83750130907,40,24,33,0,82417.262152159,1.6666666666666667,-56.18885528055924,11.111111111111116,False
2022-04-27 02:00:00,3926160.970272038,41328.010213389876,5988.0,88989.81437628133,95,69,45,3,56900.883627130985,1.3768115942028984,98.49002036245895,137.5,False
2022-04-27 03:00:00,298023.16365548957,8278.421212652487,686.905131962947,25306.055838822904,36,23,29,0,12957.528854586502,1.565217391304348,-92.40929839830689,-62.10526315789473,False
2022-04-27 04:00:00,10186399.543684594,181899.99185151063,9108.67962219698,345958.53322278627,56,35,36,10,291039.98696241697,1.6,3317.989198806011,55.55555555555556,False
2022-04-27 05:00:00,815276.4497280273,13149.620156903668,2538.4005615,24540.600292190175,62,44,37,0,18529.010221091532,1.4090909090909092,-91.99642183450888,10.71428571428572,False
2022-04-27 06:00:00,4555403.893913285,63269.4985265734,3000.0,194139.60582487652,72,44,40,3,103531.90667984738,1.6363636363636365,458.75573192785686,16.129032258064523,False
2022-04-27 07:00:00,2472926.760465907,35839.51826762184,4990.0,186291.35317938487,69,44,49,2,56202.8809196797,1.5681818181818181,-45.71443459118708,-4.1666666666666625,False
2022-04-27 08:00:00,872579.0813882223,15044.466920486591,2635.3707727556302,40443.1198927591,58,41,39,0,21282.416619224932,1.4146341463414633,-64.71472203148363,-15.94202898550725,False
2022-04-27 09:00:00,4598181.33193032,90160.41827314353,4996.502,244439.7397460567,51,34,40,5,135240.6274097153,1.5,426.9644242003696,-12.06896551724138,False
2022-04-27 10:00:00,364119.43871558935,7002.296898376719,1412.9871068304801,16841.571354604173,52,37,38,0,9841.065911232145,1.4054054054054055,-92.08122924193745,1.9607843137254832,False
2022-04-27 11:00:00,3810659.4063420705,71899.23408192585,5823.74707149,222038.8970421984,53,37,37,3,102990.79476600191,1.4324324324324325,946.5410525139649,1.9230769230769162,False
2022-04-27 12:00:00,8080896.898711506,139325.80859847425,2342.80789122806,473251.257828559,58,39,40,5,207202.4845823463,1.4871794871794872,112.06032964432589,9.433962264150942,False
2022-04-27 13:00:00,825739.5747130142,11796.279638757345,7277.201381446865,22697.03513520257,70,34,34,0,24286.458079794535,2.0588235294117645,-89.78158507572745,20.68965517241379,False
2022-04-27 14:00:00,1804215.1787777324,21478.75212830634,4955.47056546,59447.53138197043,84,52,59,0,34696.44574572562,1.6153846153846154,118.4968765006555,19.999999999999996,False
2022-04-27 15:00:00,1999647.3914789932,29406.579286455784,3861.96277177739,82698.63202307971,68,41,45,3,48771.88759704862,1.6585365853658536,10.831979189625084,-19.047619047619047,False
2022-04-27 16:00:00,4922920.753236724,65638.94337648965,3977.729917,141325.18545631252,75,49,52,5,100467.77047421887,1.530612244897959,146.18944190933578,10.294117647058831,False
2022-04-27 17:00:00,11268843.9447541,208682.29527322407,8030.984194,586160.8838445902,54,31,39,6,363511.0949920677,1.7419354838709677,128.9056539726961,-28.000000000000004,False
2022-04-27 18:00:00,4132698.6608810322,72503.48527861461,10000.0,106361.39591956114,57,33,39,0,125233.29275397067,1.7272727272727273,-63.326329824587766,5.555555555555558,False
2022-04-27 19:00:00,5173021.919544875,94054.943991725,5000.0,231927.51257567754,55,34,41,3,152147.70351602574,1.6176470588235294,25.172976401866688,-3.508771929824561,False
2022-04-27 20:00:00,2060066.5236203608,29015.0214594417,5427.34,67384.2821642249,71,44,50,0,46819.693718644565,1.6136363636363635,-60.17672927622919,29.0909090909091,False
2022-04-27 21:00:00,15517111.166643178,172412.3462960353,7565.6345153446855,521031.5311723294,90,54,52,7,287353.9104933922,1.6666666666666667,653.2334994393001,26.7605633802817,False
2022-04-27 22:00:00,3454085.5899149072,41120.06654660604,6593.683248375,113834.7900616719,84,44,50,2,78501.9452253388,1.9090909090909092,-77.74015051628884,-6.666666666666665,False
2022-04-27 23:00:00,1116497.4641933502,21892.107141046083,2968.515602,55063.46642695758,51,34,37,0,32838.16071156912,1.5,-67.6760336381573,-39.28571428571429,False
2022-04-28 00:00:00,10833158.292990189,161688.92974612222,8981.699334,335351.3359111603,67,28,37,7,386898.5104639353,2.392857142857143,870.2805998593965,31.372549019607842,False
2022-04-28 01:00:00,2345274.619814279,53301.69590486998,12652.17145093905,126177.7705115684,44,28,33,1,83759.80785050997,1.5714285714285714,-78.35096140585487,-34.32835820895522,False
2022-04-28 02:00:00,41443675.41974297,690727.9236623829,5736.59748952,2920052.5620408272,60,43,39,11,963806.4051103017,1.3953488372093024,1667.1139690679324,36.36363636363635,False
2022-04-28 03:00:00,5736530.819069641,106232.05220499335,7684.955028737395,483058.5666880088,54,25,31,2,229461.23276278563,2.16,-86.1582478847017,-9.999999999999998,False
2022-04-28 04:00:00,327268.53658077755,9625.545193552281,4058.1932019820497,16237.094509849632,34,28,22,0,11688.162020742055,1.2142857142857142,-94.29500952922878,-37.03703703703704,False
2022-04-28 05:00:00,338403.9722850952,8677.024930387057,1997.999876124,15567.62295098871,39,29,31,0,11669.102492589489,1.3448275862068966,3.4025378121153915,14.705882352941169,False
2022-04-28 06:00:00,14287042.994872602,223235.0467948844,9990.0,533077.2031974256,64,40,41,8,357176.07487181504,1.6,4121.889860925213,64.1025641025641,False
2022-04-28 07:00:00,1686080.0769702345,38320.001749323514,4908.375118744795,91982.49521395475,44,30,31,0,56202.66923234115,1.4666666666666666,-88.1985371110359,-31.25,False
2022-04-28 08:00:00,3863925.0047763493,58544.318254187114,6954.4549562458105,127456.7933016894,66,29,40,2,133238.79326814998,2.2758620689655173,129.16616224536304,50.0,False
2022-04-28 09:00:00,16818484.535278942,336369.69070557883,13042.2823396567,626862.9651412186,50,35,34,13,480528.1295793984,1.4285714285714286,335.2694349525147,-24.242424242424242,False
2022-04-28 10:00:00,1309533.6324182346,25183.33908496605,4995.0,78225.18938813657,52,42,39,1,31179.372200434158,1.2380952380952381,-92.21372395550075,4.0000000000000036,False
2022-04-28 11:00:00,2729167.73385592,28135.749833566184,5000.0,121640.03521472253,97,69,64,3,39553.15556312927,1.4057971014492754,108.4076091131875,86.53846153846155,False
2022-04-28 12:00:00,25609216.3689116,253556.59771199606,4997.74922760513,718687.5218518152,101,56,56,11,457307.4351591357,1.8035714285714286,838.3525992640064,4.123711340206193,False
2022-04-28 13:00:00,11054979.050730832,118870.74248097668,9129.246891,305699.56343981717,93,48,49,7,230312.06355689233,1.9375,-56.832029174656576,-7.920792079207917,False
2022-04-28 14:00:00,5095619.665495505,59251.39145925005,6421.65251556985,184575.8670293131,86,51,54,3,99914.11108814715,1.6862745098039216,-53.90656425388125,-7.5268817204301115,False
2022-04-28 15:00:00,7013126.836008894,114969.29239358843,9682.96903989962,300080.01881475456,61,37,39,6,189543.96854078092,1.6486486486486487,37.63050024116996,-29.06976744186046,False
2022-04-28 16:00:00,3838640.260003234,42651.558444480375,5005.0,119712.5966703322,90,52,50,4,73820.00500006218,1.7307692307692308,-45.264924622584346,47.54098360655738,False
2022-04-28 17:00:00,8206898.123737025,88246.2163842691,4995.0,366495.3249163637,93,48,60,6,170977.04424452136,1.9375,113.79701060422138,3.3333333333333437,False
2022-04-28 18:00:00,1289620.8252520314,23881.867134296877,4301.577193194695,108033.24237283067,54,27,41,1,47763.734268593755,2.0,-84.28613581150681,-41.93548387096774,False
2022-04-28 19:00:00,3660848.507132677,38535.24744350186,3747.75489484643,256986.3428394977,95,53,56,1,69072.61334212597,1.7924528301886793,183.87014504183702,75.92592592592592,False
2022-04-28 20:00:00,20439404.913110018,179293.02555359664,13063.03375974905,528291.523813589,114,56,67,10,364989.3734483932,2.0357142857142856,458.324248416359,19.999999999999996,False
2022-04-28 21:00:00,3697628.0951218833,61627.13491869806,3917.16016236225,169321.77676679436,60,37,36,3,99935.8944627536,1.6216216216216217,-81.90931628958438,-47.36842105263158,False
2022-04-28 22:00:00,1531010.190303973,19379.875826632568,4419.941787,45681.197979877776,79,41,45,0,37341.71195863349,1.9268292682926829,-58.594803184133994,31.666666666666664,False
2022-04-28 23:00:00,404535.4779207967,7632.744866430126,1060.87750993784,13133.854391721647,53,35,41,0,11558.156512022764,1.5142857142857142,-73.57721846119922,-32.91139240506329,False
2022-04-29 00:00:00,350524.33404048457,11684.144468016153,1503.805834415,27581.575578861335,30,22,22,0,15932.92427456748,1.3636363636363635,-13.351398536888503,-43.39622641509434,False
2022-04-29 01:00:00,381591.7019997089,10041.886894729181,2943.13053886127,21977.547537672235,38,22,25,0,17345.07736362313,1.7272727272727273,8.863113040145198,26.66666666666666,False
2022-04-29 02:00:00,1043432.504823637,34781.08349412123,17476.87264212,43043.65947258121,30,26,23,0,40132.019416293726,1.1538461538461537,173.44213706838752,-21.052631578947366,False
2022-04-29 03:00:00,1632801.504260475,18346.084317533427,1606.727,67454.33994618645,89,62,47,1,26335.50813323347,1.435483870967742,56.48367256264979,196.66666666666669,False
2022-04-29 04:00:00,2741274.2193184984,53750.47488859801,810.86442,197699.73907473014,51,32,38,2,85664.81935370307,1.59375,67.88778134792757,-42.69662921348315,False
2022-04-29 05:00:00,5325957.506494835,80696.32585598234,6059.440385,228079.09611243344,66,46,45,5,115781.68492380076,1.434782608695652,94.28765896389994,29.41176470588236,False
2022-04-29 06:00:00,2718776.369908737,100695.421107731,1369.553128,215184.6159098616,27,18,21,3,151043.1316615965,1.5,-48.95234581587863,-59.09090909090908,False
2022-04-29 07:00:00,1315399.7842544683,33728.199596268416,1998.00000052163,85695.89131923947,39,30,26,1,43846.65947514894,1.3,-51.61794847074446,44.44444444444444,False
2022-04-29 08:00:00,5211851.530645065,80182.33124069331,8508.172974,214996.74199213402,65,35,35,6,148910.04373271615,1.8571428571428572,296.2180618418602,66.66666666666667,False
2022-04-29 09:00:00,3219412.35468888,41810.550060894544,3600.0,99992.26683274633,77,48,51,0,67071.090722685,1.6041666666666667,-38.22900871678482,18.461538461538463,False
2022-04-29 10:00:00,423273.0320033547,6317.507940348577,1390.68673738,17835.687855897006,67,39,51,0,10853.154666752684,1.7179487179487178,-86.85247537840615,-12.987012987012992,False
2022-04-29 11:00:00,7380757.547456367,101106.26777337489,5223.964411,255950.11732006658,73,39,49,6,189250.19352452224,1.8717948717948718,1643.7344194888067,8.955223880597018,False
2022-04-29 12:00:00,639569.4603794827,14535.669554079153,710.40001285,52215.45716464255,44,27,28,0,23687.757791832693,1.6296296296296295,-91.33463663767282,-39.726027397260275,False
2022-04-29 13:00:00,2068481.3238221651,19889.24349829005,2677.592858,84214.33411348284,104,47,67,1,44010.24093238649,2.2127659574468086,223.41777585734795,136.36363636363637,False
2022-04-29 14:00:00,4748964.018609656,51064.12923236189,4987.22275163,137000.91891464038,93,56,57,7,84802.92890374386,1.6607142857142858,129.5869904125826,-10.576923076923073,False
2022-04-29 15:00:00,5429279.599987988,86179.04126965061,2996.46,243651.9461890622,63,42,40,5,129268.56190447591,1.5,14.32555771558588,-32.25806451612904,False
2022-04-29 16:00:00,809255.5176966689,17592.51125427541,2226.86120248074,36375.570892077485,46,27,34,0,29972.426581358104,1.7037037037037037,-85.09460596395773,-26.984126984126988,False
2022-04-29 17:00:00,1538534.3749118522,30167.34068454612,2827.77419031035,68682.53813080466,51,30,37,1,51284.47916372841,1.7,90.1172548431776,10.869565217391308,False
2022-04-29 18:00:00,6039371.855390961,63572.33531990486,8159.980198,171380.23174980172,95,49,53,4,123252.4868447135,1.9387755102040816,292.54058627952185,86.27450980392157,False
2022-04-29 19:00:00,1533797.1056024372,15186.109956459773,7488.54532,29597.235267090917,101,46,61,0,33343.41533918342,2.1956521739130435,-74.60336700027315,6.315789473684208,False
2022-04-29 20:00:00,3333163.3170423694,34720.451219191345,3996.0,117197.2537016023,96,54,50,3,61725.24661189573,1.7777777777777777,117.31448735086678,-4.950495049504955,False
2022-04-29 21:00:00,1765439.4175026382,30438.61064659721,5047.853740118835,81804.18294239363,58,38,38,1,46458.93203954311,1.5263157894736843,-47.03411595597502,-39.583333333333336,False
2022-04-29 22:00:00,1961484.913759933,37720.86372615256,999.0,117742.21664846707,52,31,39,3,63273.706895481715,1.6774193548387097,11.104628927715776,-10.344827586206895,False
2022-04-29 23:00:00,1760708.4935193483,32012.881700351787,6999.3,97227.94432062922,55,36,41,2,48908.56926442634,1.5277777777777777,-10.235940069287619,5.769230769230771,False
2022-04-30 00:00:00,1215882.1712556907,14138.164782042915,6891.038817299875,27849.578943436136,86,37,40,0,32861.68030420786,2.324324324324324,-30.943584600687934,56.363636363636374,False
2022-04-30 01:00:00,3011516.1784597887,29238.021150095035,2450.0,90860.12670545527,103,78,48,5,38609.18177512549,1.3205128205128205,147.6815804733508,19.767441860465105,False
2022-04-30 02:00:00,1500485.2793859243,23445.082490405068,1771.11365095652,69749.1506528094,64,36,38,2,41680.14664960901,1.7777777777777777,-50.17508821243214,-37.86407766990292,False
2022-04-30 03:00:00,12258888.55775656,314330.4758399118,6800.0,1730970.4366634367,39,23,29,3,532995.1546850678,1.6956521739130435,716.9949233206423,-39.0625,False
2022-04-30 04:00:00,2847507.370005162,79097.42694458783,4997.005,350882.3913638729,36,24,26,1,118646.14041688175,1.5,-76.77189610959094,-7.692307692307687,False
2022-04-30 05:00:00,1639446.465740644,28266.318374838687,1504.5,81557.2225192413,58,40,33,0,40986.1616435161,1.45,-42.425207287956134,61.111111111111114,False
2022-04-30 06:00:00,10507883.059053589,82739.23668546132,15129.4064267067,232004.6423814053,127,43,47,7,244369.37346636254,2.953488372093023,540.940907717075,118.96551724137932,False
2022-04-30 07:00:00,5740778.091962728,106310.70540671718,7041.19342849448,264818.48967670224,54,34,33,6,168846.41446949198,1.588235294117647,-45.36693966139569,-57.48031496062992,False
2022-04-30 08:00:00,259706.91709049157,5092.292491970423,3229.382128,5918.284655298409,51,32,30,0,8115.841159077861,1.59375,-95.47610249115725,-5.555555555555558,False
2022-04-30 09:00:00,279547.19439846673,7555.3295783369385,1998.0,12721.068345427619,37,29,27,0,9639.558427533335,1.2758620689655173,7.639487438473602,-27.450980392156865,False
2022-04-30 10:00:00,4080259.169517142,86814.02488334345,2200.0,276340.28874802985,47,32,36,4,127508.0990474107,1.46875,1359.5958218422104,27.027027027027017,False
2022-04-30 11:00:00,6817281.615784623,121737.1717104397,2843.047530272135,290837.17802065396,56,37,36,3,184250.85448066547,1.5135135135135136,67.07962245916303,19.14893617021276,False
2022-04-30 12:00:00,3570395.10083727,77617.28480081022,2325.1761137489602,301193.6237269679,46,30,26,1,119013.170027909,1.5333333333333334,-47.62729043537771,-17.85714285714286,False
2022-04-30 13:00:00,2213905.234673831,56766.80088907259,2998.50074963,130542.00475107694,39,30,30,5,73796.84115579438,1.3,-37.99271027022576,-15.217391304347828,False
2022-04-30 14:00:00,7517016.29261974,153408.4957677498,2520.81500509565,536788.1182488214,49,35,37,4,214771.8940748497,1.4,239.53649753789944,25.64102564102564,False
2022-04-30 15:00:00,3195694.151477388,37159.23431950451,2257.31612335593,96419.64176606528,86,50,55,5,63913.88302954776,1.72,-57.487199347765895,75.51020408163265,False
2022-04-30 16:00:00,15741905.495732564,172987.97248057762,5409.88744791242,570112.10150162,91,44,46,6,357770.57944846735,2.0681818181818183,392.5973747661361,5.813953488372103,False
2022-04-30 17:00:00,9870981.556366617,137096.96606064745,5017.076675920995,449239.76655502326,72,48,46,5,205645.44909097117,1.5,-37.29487475933255,-20.879120879120883,False
2022-04-30 18:00:00,2873201.75408488,53207.439890460744,3756.0,159973.42258747687,54,37,37,3,77654.10146175351,1.4594594594594594,-70.89244126657583,-25.0,False
2022-04-30 19:00:00,1216342.337173744,18154.363241399165,1414.357501,66350.80014793407,67,44,40,1,27644.144026676004,1.5227272727272727,-57.665961485494385,24.07407407407407,False
2022-04-30 20:00:00,577693.9577746573,14812.665583965572,505.0,36662.396340990665,39,27,26,0,21396.072510172493,1.4444444444444444,-52.50564416618357,-41.7910447761194,False
2022-04-30 21:00:00,10130134.555865379,128229.5513400681,11836.70414,216892.45247243985,79,45,52,11,225114.10124145288,1.7555555555555555,1653.5469117398784,102.56410256410255,False
2022-04-30 22:00:00,787643.9812339023,22504.113749540065,1001.68058070682,51305.724265909375,35,22,20,0,35801.99914699556,1.5909090909090908,-92.22474314738639,-55.696202531645575,False
2022-04-30 23:00:00,5612057.752328069,102037.41367869216,4288.976937,247352.32996046534,55,30,37,5,187068.59174426895,1.8333333333333333,612.511983337493,57.14285714285714,False
2022-05-01 00:00:00,3123021.8924196158,91853.58507116517,3500.0,200032.1464596421,34,24,24,2,130125.91218415066,1.4166666666666667,-44.35157244908818,-38.18181818181819,False
2022-05-01 03:00:00,139007.29958,13900.729958,5678.37134,21823.89879990112,10,2,9,0,69503.64979,5.0,-95.54894892291959,-70.58823529411764,False
2022-05-01 04:00:00,4905156.675872019,74320.55569503059,3827.4550879028047,368391.94876406004,66,31,48,1,158230.8605120006,2.129032258064516,3428.7043850881046,560.0,False
2022-05-01 05:00:00,4452214.50654565,94727.96822437552,10045.19286,200044.96482242388,47,32,34,5,139131.70332955156,1.46875,-9.234000038252532,-28.787878787878785,False
2022-05-01 06:00:00,1590197.4163506373,44172.15045418437,9216.695532874885,66906.60135714388,36,23,26,0,69139.01810220162,1.565217391304348,-64.28300087489657,-23.404255319148938,False
2022-05-01 07:00:00,8936528.371096056,203102.91752491036,12292.89134005415,450090.60341789393,44,26,31,7,343712.6296575406,1.6923076923076923,461.9760338690902,22.222222222222232,False
2022-05-01 08:00:00,3050127.3759437283,74393.35063277386,2132.5681089,314736.0282652834,41,33,24,1,92428.1023013251,1.2424242424242424,-65.86899017957649,-6.818181818181824,False
2022-05-01 09:00:00,6606523.17349337,165163.07933733426,2731.302913230335,467015.13971208554,40,27,30,4,244686.0434627174,1.4814814814814814,116.59827145577064,-2.4390243902439046,False
2022-05-01 10:00:00,2150275.4101274353,126486.78883102561,1780.66246609062,511263.23208869755,17,15,15,1,143351.6940084957,1.1333333333333333,-67.45223843678095,-57.49999999999999,False
2022-05-01 11:00:00,166000.52358086265,4611.125655023962,2873.5,5741.851074194245,36,30,27,0,5533.350786028755,1.2,-92.28003432495075,111.76470588235294,False
2022-05-01 12:00:00,4902328.9376345305,84522.91271783673,2003.162,294325.1409213856,58,37,31,3,132495.37669282514,1.5675675675675675,2853.2008886986996,61.111111111111114,False
2022-05-01 13:00:00,606607.7054259366,13480.17123168748,2517.52827505251,21017.075798713104,45,30,31,0,20220.256847531222,1.5,-87.6261321273428,-22.413793103448278,False
2022-05-01 14:00:00,7929524.236732257,94399.09805633638,4018.0,193052.35507981654,84,46,52,13,172380.96166809252,1.826086956521739,1207.1914790736873,86.66666666666667,False
2022-05-01 15:00:00,1909586.3744965263,30799.78023381494,1705.734830653855,132875.00159540394,62,39,40,2,48963.753192218624,1.5897435897435896,-75.91802083597057,-26.190476190476186,False
2022-05-01 16:00:00,3325125.24941915,55418.75415698583,5494.509277908544,162121.59614723816,60,35,36,2,95003.57855483286,1.7142857142857142,74.12803598872759,-3.2258064516129004,False
2022-05-01 17:00:00,21019011.19995968,304623.35072405334,4988.58665396994,839838.5814562533,69,36,38,8,583861.4222211023,1.9166666666666667,532.1269011936134,14.999999999999991,False
2022-05-01 18:00:00,6430209.323492758,75649.52145285597,986.74959124,267291.33765308553,85,45,50,5,142893.5405220613,1.8888888888888888,-69.40765071049064,23.188405797101442,False
2022-05-01 19:00:00,8659043.23695222,108238.04046190274,1919.1500045,237311.25207704195,80,48,53,10,180396.73410317124,1.6666666666666667,34.661918474666464,-5.882352941176472,False
2022-05-01 20:00:00,8474606.676856704,169492.13353713407,7364.152573135665,287037.3064226388,50,37,36,12,229043.42369882984,1.3513513513513513,-2.129987748628359,-37.5,False
2022-05-01 21:00:00,4232929.162005112,74261.9151228967,5559.3033009327,156399.05159908725,57,34,37,4,124497.9165295621,1.6764705882352942,-50.05161509660603,13.99999999999999,False
2022-05-01 22:00:00,4363458.718533742,90905.38996945297,982.02910701,266041.4161014252,48,32,30,5,136358.08495417945,1.5,3.083669759944674,-15.789473684210531,False
2022-05-01 23:00:00,6724039.619793762,146174.77434334267,843.4901035,550035.0590133349,46,29,36,5,231863.43516530216,1.5862068965517242,54.098848036157165,-4.1666666666666625,False
2022-05-02 00:00:00,1716016.1028854435,33647.374566381244,3926.47706842,102823.40828750691,51,26,29,1,66000.61934174782,1.9615384615384615,-74.47938739334678,10.869565217391308,False
2022-05-02 01:00:00,1922491.9762356693,31516.261905502775,6301.916064,101034.5788125186,61,38,47,3,50591.894111464986,1.605263157894737,12.03228064136701,19.6078431372549,False
2022-05-02 02:00:00,1119024.525186729,24867.2116708162,2697.3,40958.052944385214,45,29,32,0,38587.05259264582,1.5517241379310345,-41.793019735883,-26.22950819672131,False
2022-05-02 03:00:00,4034978.129722476,89666.18066049946,965.654574,253232.89851736688,45,30,33,3,134499.2709907492,1.5,260.579955032636,0.0,False
2022-05-02 04:00:00,6558954.555489491,177269.0420402565,1418.82404912256,365106.9051946951,37,28,25,6,234248.37698176753,1.3214285714285714,62.55241898772355,-17.777777777777782,False
2022-05-02 05:00:00,435427.8620216137,12440.796057760392,2000.0,29792.7367930983,35,30,23,0,14514.262067387122,1.1666666666666667,-93.36132216898524,-5.405405405405405,False
2022-05-02 06:00:00,1958572.3235578134,67536.97667440736,2012.0,151186.792011792,29,19,18,2,103082.75387146386,1.5263157894736843,349.8040879755632,-17.14285714285714,False
2022-05-02 07:00:00,22193499.377161216,792624.9777557577,1813.7,2490986.148557171,28,19,20,4,1168078.9145874325,1.4736842105263157,1033.1467881076746,-3.4482758620689613,False
2022-05-02 08:00:00,13354891.732476035,160902.31002983174,10000.0,311674.09046052897,83,31,41,19,430802.95911213016,2.6774193548387095,-39.82520960070305,196.42857142857144,False
2022-05-02 09:00:00,17298574.332153887,247122.49045934124,4317.021208190075,491521.66388793406,70,47,45,16,368054.77302455076,1.4893617021276595,29.52987323804146,-15.662650602409634,False
2022-05-02 10:00:00,13237277.00774552,300847.20472148905,7591.520065498526,443484.88546567596,44,29,36,14,456457.82785329374,1.5172413793103448,-23.477641835832642,-37.142857142857146,False
2022-05-02 11:00:00,9079060.947223488,139677.8607265152,4150.086109,284941.7139699157,65,39,46,9,232796.43454419202,1.6666666666666667,-31.412926224093795,47.72727272727273,False
2022-05-02 12:00:00,1456911.6391426327,30998.119981758144,3636.20865888916,123317.32398240274,47,37,33,1,39375.99024709818,1.2702702702702702,-83.95305805730737,-27.692307692307693,False
2022-05-02 13:00:00,1207444.8375929045,15681.101786920837,6605.70547785565,29326.306881206165,77,37,40,0,32633.644259267687,2.081081081081081,-17.122987753501317,63.829787234042556,False
2022-05-02 14:00:00,2402435.45163062,24767.37579000639,6067.02915147109,61293.653909720546,97,50,55,1,48048.709032612394,1.94,98.9685472025358,25.974025974025984,False
2022-05-02 15:00:00,1032087.5983848661,15177.758799777443,4936.723338691705,35217.41795478002,68,36,50,0,28669.09995513517,1.8888888888888888,-57.0399447075945,-29.89690721649485,False
2022-05-02 16:00:00,7282612.60530287,80028.70994838318,3993.17185715,164386.3610203226,91,54,63,8,134863.1963944976,1.6851851851851851,605.619621503017,33.823529411764696,False
2022-05-02 17:00:00,1528220.3015465376,28834.34531219882,3000.0,55431.82180761914,53,36,42,0,42450.563931848264,1.4722222222222223,-79.01549369200613,-41.75824175824175,False
2022-05-02 18:00:00,2910293.021075099,51969.518233483905,4962.95262584423,115425.14292345982,56,36,35,3,80841.47280764164,1.5555555555555556,90.43674646449355,5.660377358490565,False
2022-05-02 19:00:00,10270151.0243212,100687.75514040393,4995.0000003383,330838.0792346359,102,55,61,7,186730.01862402182,1.8545454545454545,252.89061788449322,82.14285714285714,False
2022-05-02 20:00:00,1188319.2497333847,18567.488277084136,1631.367,71260.60276811318,64,33,41,1,36009.67423434499,1.9393939393939394,-88.42938875076644,-37.254901960784316,False
2022-05-02 21:00:00,1547604.113259681,26682.829538960017,4919.36152754405,59386.902550336956,58,34,37,0,45517.76803704944,1.7058823529411764,30.234708695235458,-9.375,False
2022-05-02 22:00:00,534118.2622490653,12421.354936024774,2169.23,29073.205815649286,43,27,34,0,19782.157861076495,1.5925925925925926,-65.48741001184955,-25.86206896551724,False
2022-05-02 23:00:00,15848170.160398414,178069.327644926,9992.440755,307365.7359931605,89,54,55,14,293484.6325999706,1.6481481481481481,2867.165004556282,106.97674418604652,False
2022-05-03 00:00:00,700497.7630051502,19458.271194587505,1681.952476405,41941.89205531817,36,23,25,0,30456.424478484794,1.565217391304348,-95.57994547057828,-59.55056179775281,False
2022-05-03 01:00:00,3711570.872191073,61859.51453651788,1473.9697194999999,330010.04771759216,60,33,41,1,112471.8446118507,1.8181818181818181,429.8476409501088,66.66666666666667,False
2022-05-03 02:00:00,8519654.353281597,131071.60543510149,3196.8,273133.50316658267,65,41,43,10,207796.44764101456,1.5853658536585367,129.54308692082552,8.333333333333325,False
2022-05-03 03:00:00,3373739.4250961775,116335.84224469577,2104.121,323445.1147839522,29,21,24,3,160654.25833791323,1.380952380952381,-60.40051291756123,-55.38461538461539,False
2022-05-03 04:00:00,1237915.342381853,37512.58613278342,1988.0,129863.70590180311,33,19,25,2,65153.4390727291,1.736842105263158,-63.30732204231917,13.793103448275868,False
2022-05-03 05:00:00,775967.9579939316,18475.427571284086,2861.31510565086,82952.38709937292,42,37,33,1,20972.10697280896,1.135135135135135,-37.31655700292848,27.27272727272727,False
2022-05-03 06:00:00,2102329.622352947,52558.24055882367,3341.4084551449996,104583.5030800719,40,23,32,2,91405.63575447595,1.7391304347826086,170.92995280217332,-4.761904761904767,False
2022-05-03 07:00:00,91290.45295900633,2535.845915527954,1102.186585675945,3573.7802931526785,36,22,26,0,4149.566043591197,1.6363636363636365,-95.65765273017306,-9.999999999999998,False
2022-05-03 08:00:00,18893469.014100064,255317.14883919005,17458.954429362697,363433.9368984973,74,40,42,25,472336.7253525016,1.85,20595.996571058873,105.55555555555554,False
2022-05-03 09:00:00,27617199.60102156,293799.99575554853,13308.03896995375,571737.2681347128,94,73,42,20,378317.80275372,1.2876712328767124,46.17326008479987,27.027027027027017,False
2022-05-03 10:00:00,21164429.033299964,341361.7586016123,7963.71155981264,629756.8905070922,62,47,39,16,450307.0007085099,1.3191489361702127,-23.365043020085608,-34.04255319148937,False
2022-05-03 11:00:00,29800793.35774407,346520.8529970241,15103.13747869225,479528.3586064846,86,48,45,32,620849.8616196682,1.7916666666666667,40.80603502629678,38.70967741935485,False
2022-05-03 12:00:00,11685358.542604519,155804.78056806026,8042.19492638811,270274.2540960017,75,47,47,17,248624.64984264935,1.5957446808510638,-60.78843136044247,-12.790697674418606,False
2022-05-03 13:00:00,4132682.461055844,70045.46544162447,3071.925,162710.5233771712,59,33,40,4,125232.8018501771,1.7878787878787878,-64.6336700240032,-21.333333333333336,False
2022-05-03 14:00:00,7052963.716335758,110202.55806774621,3240.10140241718,233026.42970378947,64,35,40,8,201513.2490381645,1.8285714285714285,70.66309310717817,8.47457627118644,False
2022-05-03 15:00:00,10186452.623343704,161689.7241800588,3143.58,529035.1980939049,63,39,47,5,261191.0929062488,1.6153846153846154,44.42797429611469,-1.5625,False
2022-05-03 16:00:00,2890682.890481634,32479.583039119483,7085.369716,152272.65216578628,89,33,43,2,87596.45122671618,2.696969696969697,-71.62228110836914,41.26984126984128,False
2022-05-03 17:00:00,1834263.3356057508,25834.69486768663,4195.8,60227.462245408446,71,37,48,0,49574.684746101375,1.9189189189189189,-36.54567432333842,-20.2247191011236,False
2022-05-03 18:00:00,1785920.9509936215,27905.014859275336,11871.30391168,63917.11985455275,64,38,33,2,46997.91976299004,1.6842105263157894,-2.6355204115860786,-9.859154929577462,False
2022-05-03 19:00:00,9349093.39502463,67259.66471240741,7123.2225590509,223142.1731601709,139,59,62,4,158459.2100851632,2.3559322033898304,423.48864544218117,117.1875,False
2022-05-03 20:00:00,19704828.144958004,155156.12712565358,7000.0,444175.2458172739,127,62,69,17,317819.8087896452,2.0483870967741935,110.76726172662323,-8.633093525179858,False
2022-05-03 21:00:00,2220219.2147305985,24669.102385895538,7149.07755535646,51605.40293774774,90,49,48,0,45310.59621899181,1.836734693877551,-88.73261315248415,-29.13385826771654,False
2022-05-03 22:00:00,581856.359949221,11189.545383638866,4995.0,18319.4340679213,52,28,32,0,20780.58428390075,1.8571428571428572,-73.79284189197402,-42.22222222222223,False
2022-05-03 23:00:00,1753525.6261618664,23072.705607392978,2047.475,69192.74983158208,76,42,55,0,41750.6101467111,1.8095238095238095,201.36744166806005,46.153846153846146,False
2022-05-04 00:00:00,2737312.7254705243,44873.97910607417,4137.52734,96596.84244276423,61,32,37,1,85541.02267095388,1.90625,56.10337736905393,-19.736842105263154,False
2022-05-04 01:00:00,1005785.8544583032,19342.035662659677,6695.797500000001,30302.13636153385,52,24,25,0,41907.743935762635,2.1666666666666665,-63.256450565566425,-14.754098360655743,False
2022-05-04 02:00:00,7800011.48544198,116418.08187226836,703.0,341056.6955695258,67,38,38,7,205263.46014321,1.763157894736842,675.5141366193617,28.846153846153854,False
2022-05-04 03:00:00,14227853.141030764,143715.68829324003,9156.98940911,279110.416561244,99,38,46,14,374417.18792186223,2.6052631578947367,82.40810500838072,47.76119402985075,False
2022-05-04 04:00:00,4347015.617934988,63000.22634688388,1608.6349500376,156712.78294684677,69,50,40,7,86940.31235869975,1.38,-69.44714304508165,-30.303030303030297,False
2022-05-04 05:00:00,1321639.1757456795,15923.36356320096,1960.398009,35552.11104792936,83,68,35,0,19435.870231554112,1.2205882352941178,-69.59663153054157,20.28985507246377,False
2022-05-04 06:00:00,8563817.399078472,135933.60950918208,5110.5777,338790.68713668245,63,40,37,9,214095.43497696178,1.575,547.969397112241,-24.096385542168676,False
2022-05-04 07:00:00,1900221.9113272633,48723.63875198111,2973.75,239372.97780138042,39,27,23,1,70378.58930841715,1.4444444444444444,-77.81104123574913,-38.095238095238095,False
2022-05-04 08:00:00,3795732.390422991,77463.92633516308,2996.32810204,253912.01648353803,49,30,35,3,126524.4130140997,1.6333333333333333,99.75205884094638,25.64102564102564,False
2022-05-04 09:00:00,203137.2575459017,7523.602131329692,1505.944478,15478.251681461486,27,23,25,0,8832.05467590877,1.173913043478261,-94.6482724109203,-44.89795918367348,False
2022-05-04 10:00:00,408047.5665511278,7699.010689643921,2635.2089232,15368.133228844365,53,37,35,0,11028.312609489942,1.4324324324324325,100.8728342012414,96.2962962962963,False
2022-05-04 11:00:00,14096501.163020588,271086.560827319,30436.7515224016,721982.706655298,52,37,37,13,380986.5179194754,1.4054054054054055,3354.6220388387774,-1.8867924528301883,False
2022-05-04 12:00:00,215682.70035623462,6162.36286732099,1840.0,8885.264136581041,35,25,25,0,8627.308014249385,1.4,-98.46995578646114,-32.692307692307686,False
2022-05-04 13:00:00,1674101.469680854,26573.039201283395,2075.922,74678.66337918803,63,33,39,1,50730.34756608648,1.9090909090909092,676.1871800175936,80.0,False
2022-05-04 14:00:00,3129689.6741591473,48149.07191014073,1498.5,210365.89739969,65,39,45,3,80248.45318356788,1.6666666666666667,86.94743005964763,3.1746031746031855,False
2022-05-04 15:00:00,5259924.5203238195,70132.32693765093,2865.0,462672.18534654845,75,48,52,2,109581.76084007957,1.5625,68.06536966758539,15.384615384615374,False
2022-05-04 16:00:00,1260951.8563852676,17759.885301200953,4670.0,32273.57121545863,71,45,46,0,28021.152364117057,1.5777777777777777,-76.02718724359872,-5.333333333333334,False
2022-05-04 17:00:00,11413269.916351669,139186.21849209353,12356.161144003301,569326.8773776728,82,46,46,10,248114.5633989493,1.7826086956521738,805.1312989117399,15.492957746478876,False
2022-05-04 18:00:00,8864595.514234683,109439.45079302078,11835.9205594,273785.93540317076,81,47,48,7,188608.41519648262,1.7234042553191489,-22.330799330922048,-1.2195121951219523,False
2022-05-04 19:00:00,4366725.186377785,41987.74217670947,8285.710296220816,116971.74365495518,104,52,57,5,83975.48435341894,2.0,-50.73971306005176,28.395061728395056,False
2022-05-04 20:00:00,24267157.891219497,183842.10523651133,17401.0316479265,452004.4907781671,132,58,64,15,418399.27398654306,2.2758620689655173,455.72899267675683,26.923076923076916,False
2022-05-04 21:00:00,8773178.509706594,98575.03943490556,9939.22039808,293956.9164638981,89,50,52,6,175463.57019413187,1.78,-63.847523681868964,-32.57575757575758,False
2022-05-04 22:00:00,7368579.227631879,95695.83412508934,14540.178703,288161.9741602281,77,40,42,7,184214.48069079698,1.925,-16.010152768699214,-13.48314606741573,False
2022-05-04 23:00:00,1492501.20362317,24875.020060386167,2041.333850025,88294.61229668852,60,29,44,1,51465.55874562655,2.0689655172413794,-79.745061327069,-22.077922077922075,False
2022-05-05 00:00:00,442067.35968073737,6598.020293742349,1218.78,10796.999062200988,67,33,39,0,13395.980596385982,2.0303030303030303,-70.38077030641033,11.66666666666667,False
2022-05-05 01:00:00,3970148.574680299,113432.81641943712,9990.0,293663.90553252335,35,23,24,4,172615.15542088257,1.5217391304347827,798.0867932768333,-47.76119402985075,False
2022-05-05 02:00:00,537335.3515052414,14522.577067709226,3146.85000094357,34899.662866129795,37,22,23,0,24424.33415932915,1.6818181818181819,-86.46561101183698,5.714285714285716,False
2022-05-05 03:00:00,8352606.2194500305,194246.65626627978,5294.7,492646.9087635891,43,28,31,6,298307.3649803582,1.5357142857142858,1454.4494133973903,16.216216216216207,False
2022-05-05 04:00:00,4386108.735706529,125317.39244875796,6079.0258825303,382324.4528848236,35,25,28,4,175444.34942826114,1.4,-47.48814177911373,-18.6046511627907,False
2022-05-05 05:00:00,1283026.6577465343,18328.95225352192,3705.9011601256598,54300.55084416748,70,56,30,1,22911.190316902397,1.25,-70.74795142898208,100.0,False
2022-05-05 06:00:00,626506.9782535497,9079.811279036952,279.34005263,20844.426409732507,69,60,21,0,10441.782970892495,1.15,-51.16960552059566,-1.4285714285714235,False
2022-05-05 07:00:00,2759615.818233953,67307.70288375494,5018.76675377535,194766.05958069983,41,27,32,3,102207.99326792418,1.5185185185185186,340.4764693805416,-40.57971014492754,False
2022-05-05 08:00:00,400542.48620822356,11780.6613590654,1960.9761277799053,34029.23885249065,34,26,24,0,15405.480238777829,1.3076923076923077,-85.4855707246759,-17.07317073170732,False
2022-05-05 09:00:00,767974.9348802925,21942.140996579787,4976.9,45938.941674770525,35,26,26,0,29537.497495395866,1.3461538461538463,91.73370149828695,2.941176470588225,False
2022-05-05 10:00:00,8427972.000742614,156073.55556930767,3272.7255,460300.7189673316,54,34,35,6,247881.5294336063,1.588235294117647,997.4280042168717,54.28571428571429,False
2022-05-05 11:00:00,6177247.218519202,199266.03930707104,2040.47021273,460235.56127430603,31,26,22,7,237586.43148150778,1.1923076923076923,-26.70541361581521,-42.592592592592595,False
2022-05-05 12:00:00,26680832.327383056,523153.5750467266,99990.0009999,946656.2477269679,51,32,35,17,833776.0102307205,1.59375,331.9210707221611,64.51612903225808,False
2022-05-05 13:00:00,5449571.565313872,81336.8890345354,8440.62524540598,176080.2301190442,67,37,44,6,147285.717981456,1.8108108108108107,-79.57495666384864,31.372549019607842,False
2022-05-05 14:00:00,1454440.497630677,15150.421850319552,5571.933316230625,58593.28411655055,96,48,42,1,30300.843700639103,2.0,-73.31092031366126,43.28358208955223,False
2022-05-05 15:00:00,13503898.442801287,142146.2993979083,9996.50497157299,303238.46727692196,95,47,56,17,287316.9881447082,2.021276595744681,828.4600136478257,-1.041666666666663,False
2022-05-05 16:00:00,6062573.939169378,89155.49910543203,7695.1321345,207822.84022112566,68,40,34,5,151564.34847923444,1.7,-55.10500938044866,-28.421052631578945,False
2022-05-05 17:00:00,1521737.7104394063,21135.24597832509,6794.027692228645,36519.11715694931,72,39,43,0,39018.91565229247,1.8461538461538463,-74.89947791634032,5.882352941176472,False
2022-05-05 18:00:00,3241416.425211424,49112.37007896097,2917.946269145,173280.56607406272,66,40,50,4,81035.4106302856,1.65,113.00756385116166,-8.333333333333337,False
2022-05-05 19:00:00,12050141.093022792,141766.36580026813,7515.13100878179,356816.09503009607,85,51,52,8,236277.27633378023,1.6666666666666667,271.7554152961637,28.787878787878785,False
2022-05-05 20:00:00,41172563.213834845,457472.9245981649,2867.932775589135,2709308.9736326123,90,47,61,7,876011.9832730818,1.9148936170212767,241.67702183731578,5.882352941176472,False
2022-05-05 21:00:00,3218239.910810986,60721.50775115068,5685.18098959105,204084.79878035575,53,26,38,2,123778.45810811485,2.0384615384615383,-92.18353277133451,-41.11111111111111,False
2022-05-05 22:00:00,2717148.8035042426,47669.277254460394,4224.0,116662.24179628136,57,40,37,3,67928.72008760607,1.425,-15.570346561902848,7.547169811320753,False
2022-05-05 23:00:00,6265741.489107379,118221.5375303279,1793.20500022832,296639.08275330794,53,32,41,5,195804.4215346056,1.65625,130.59986560274507,-7.017543859649122,False
2022-05-06 00:00:00,600556.2782107358,18767.383694085493,2655.2108847500003,40900.13687668066,32,23,27,0,26111.142530901554,1.391304347826087,-90.41524009161937,-39.62264150943396,False
2022-05-06 01:00:00,5129968.399520777,75440.71175765849,2494.37444569,282620.2130551408,68,43,43,2,119301.5906865297,1.5813953488372092,754.2027759337929,112.5,False
2022-05-06 02:00:00,6500178.583391752,81252.2322923969,1096.9169849999998,325963.2280304154,80,59,37,4,110172.51836257207,1.3559322033898304,26.709914704327907,17.647058823529417,False
2022-05-06 03:00:00,1073335.9492591545,20641.075947291432,909.7275,57671.21349376838,52,34,36,0,31568.704389975133,1.5294117647058822,-83.48759291011518,-35.0,False
2022-05-06 04:00:00,2569257.7715771366,65878.40439941376,5099.42683406628,180360.4231962957,39,23,23,2,111706.85963378855,1.6956521739130435,139.37125867725828,-25.0,False
2022-05-06 05:00:00,860241.7690400848,20481.94688190678,3981.19,42878.64025826147,42,35,30,0,24578.33625828814,1.2,-66.51788782905865,7.692307692307687,False
2022-05-06 06:00:00,27833748.36193792,618527.7413763982,1998.0,917420.2418750242,45,24,25,17,1159739.5150807467,1.875,3135.5727614803777,7.14285714285714,False
2022-05-06 07:00:00,16795271.45656433,342760.6419707006,35629.8512464258,569590.7111321198,49,32,39,12,524852.2330176353,1.53125,-39.65860710470632,8.888888888888879,False
2022-05-06 08:00:00,7354226.772243713,193532.2834800977,9339.007473352625,436859.7762500946,38,23,22,9,319748.9900975527,1.6521739130434783,-56.21251617597787,-22.44897959183674,False
2022-05-06 09:00:00,1777070.370779893,84622.39860856633,854.437334,180207.35617930454,21,18,20,3,98726.13170999405,1.1666666666666667,-75.83606780407013,-44.73684210526315,False
2022-05-06 10:00:00,4011585.831471921,111432.93976310891,1569.3054601999302,497574.58557473705,36,20,26,1,200579.29157359604,1.8,125.74152928515593,71.42857142857142,False
2022-05-06 11:00:00,4889207.98198595,81486.79969976583,2689.47744575979,192090.9942110131,60,37,47,7,132140.75626989052,1.6216216216216217,21.877187411244158,66.66666666666667,False
2022-05-06 12:00:00,2412446.1567158396,46393.19532145846,5128.560710888605,160102.28701504893,52,21,36,2,114878.38841503998,2.4761904761904763,-50.65773095347179,-13.33333333333333,False
2022-05-06 13:00:00,2623206.7683743136,24747.23366390862,8562.846277458553,54376.045835805206,106,46,55,0,57026.23409509377,2.3043478260869565,8.7363861395104,103.84615384615384,False
2022-05-06 14:00:00,1636343.5750298759,13867.318432456575,5118.906689954625,33744.52331638296,118,51,74,0,32085.168137840705,2.3137254901960786,-37.62048822236109,11.32075471698113,False
2022-05-06 15:00:00,1560460.8142087813,15298.635433419426,5003.656,35105.82943460346,102,48,58,0,32509.600296016277,2.125,-4.6373366803306615,-13.559322033898303,False
2022-05-06 16:00:00,961832.1470090591,14797.417646293217,2497.5,28933.945670773406,65,33,43,0,29146.428697244213,1.9696969696969697,-38.36230053000415,-36.274509803921575,False
2022-05-06 17:00:00,1573727.0534792992,23143.04490410734,1367.472550858935,57969.567155699326,68,46,46,0,34211.45768433259,1.4782608695652173,63.617639353499065,4.615384615384621,False
2022-05-06 18:00:00,3215485.102060068,44047.74112411052,5000.0,143724.96325229085,73,44,49,2,73079.20686500154,1.6590909090909092,104.3229221325936,7.352941176470584,False
2022-05-06 19:00:00,7241862.252536064,114950.19448469943,6983.239641,278012.69159875717,63,35,41,7,206910.35007245897,1.8,125.21834257283335,-13.698630136986301,False
2022-05-06 20:00:00,2170106.5108327223,35001.71791665681,999.7501250600001,131671.36029425386,62,33,36,1,65760.80335856734,1.878787878787879,-70.03386097170295,-1.5873015873015928,False
2022-05-06 21:00:00,2947315.270402146,49954.496108510946,945.0,209260.07629363053,59,34,42,1,86685.74324712194,1.7352941176470589,35.81431398365742,-4.8387096774193505,False
2022-05-06 22:00:00,3037578.6328859814,34130.096998718895,2797.2,170690.74586243054,89,47,56,1,64629.33261459535,1.8936170212765957,3.0625621693847194,50.847457627118644,False
2022-05-06 23:00:00,2443824.536142071,38790.86565304874,1245.1,158668.882040092,63,32,42,3,76369.51675443971,1.96875,-19.546953955881275,-29.21348314606742,False
2022-05-07 00:00:00,7541672.258421685,95464.20580280613,6468.154073,313661.53587481735,79,39,42,5,193376.21175440217,2.0256410256410255,208.601216940366,25.396825396825395,False
2022-05-07 01:00:00,1895880.100905148,25620.001363583084,5494.5,85230.44664280913,74,34,43,2,55761.17943838671,2.176470588235294,-74.86127696959988,-6.329113924050633,False
2022-05-07 02:00:00,1009012.0635024661,14623.363239166176,1997.802197,67208.08618138365,69,55,36,1,18345.67388186302,1.2545454545454546,-46.778698556900586,-6.756756756756754,False
2022-05-07 03:00:00,1554032.4306895123,16358.236112521183,3700.0,62663.04945331442,95,73,42,2,21288.115488897427,1.3013698630136987,54.015247874755865,37.681159420289845,False
2022-05-07 04:00:00,3442565.212702839,67501.27868044782,9601.4367634784,179518.9094943799,51,37,31,2,93042.30304602269,1.3783783783783783,121.52466993081985,-46.31578947368421,False
2022-05-07 05:00:00,7132190.733785453,122968.8057549216,3451.27833351578,419943.69039912877,58,39,39,6,182876.6854816783,1.4871794871794872,107.17663408286757,13.725490196078427,False
2022-05-07 06:00:00,1021257.8190181633,17020.96365030272,4083.25523988843,34431.758127992005,60,41,39,0,24908.727293125932,1.4634146341463414,-85.68100802211546,3.4482758620689724,False
2022-05-07 07:00:00,3332511.841762371,45033.94380759961,5126.27243973302,122681.56267524046,74,39,52,3,85449.02158365054,1.8974358974358974,226.31445064148897,23.33333333333334,False
2022-05-07 08:00:00,6690389.17783303,60273.77637687414,4995.0,134314.97605695677,111,76,57,5,88031.4365504346,1.4605263157894737,100.76115241333619,50.0,False
2022-05-07 09:00:00,4679536.201592149,64993.55835544652,5066.28352344909,283801.84344345913,72,39,48,3,119988.10773313203,1.8461538461538463,-30.055844627145923,-35.13513513513513,False
2022-05-07 10:00:00,15576856.662997305,160586.15116492068,5005.0,614944.8598685035,97,77,46,7,202296.83977918577,1.2597402597402598,232.87180592165288,34.72222222222223,False
2022-05-07 11:00:00,767187.9656020154,15983.082616708654,8994.745531895935,25917.580302526625,48,22,27,0,34872.18025463706,2.1818181818181817,-95.07482169092263,-50.51546391752577,False
2022-05-07 12:00:00,767166.3799909403,15343.327599818807,2247.4049999999997,37012.369906126565,50,33,32,0,23247.466060331524,1.5151515151515151,-0.0028136013653590197,4.166666666666674,False
2022-05-07 13:00:00,722093.5570940992,10940.811471122715,4808.665727395575,15028.243527034856,66,30,34,0,24069.785236469976,2.2,-5.875234378411287,32.00000000000001,False
2022-05-07 14:00:00,1346891.7624202925,21045.18378781707,2433.6196615,64439.16399566087,64,42,38,1,32068.85148619744,1.5238095238095237,86.52593548134553,-3.0303030303030276,False
2022-05-07 15:00:00,11638094.645071253,166258.49492958933,1598.25,609510.9117374589,70,45,43,5,258624.32544602785,1.5555555555555556,764.0705192344645,9.375,False
2022-05-07 16:00:00,23530403.96795264,379522.6446443974,7154.813268897155,867726.3313995295,62,38,44,13,619221.1570513853,1.631578947368421,102.18433244927935,-11.428571428571432,False
2022-05-07 17:00:00,15961642.455937594,183467.15466594935,5898.56082721627,466507.517752916,87,47,50,9,339609.41395611904,1.851063829787234,-32.165880034713226,40.322580645161295,False
2022-05-07 18:00:00,15842121.469455168,160021.42898439564,9904.21335161368,301374.1408925618,99,47,60,14,337066.414243727,2.106382978723404,-0.74880130169791,13.793103448275868,False
2022-05-07 19:00:00,1889599.8052348772,27788.232429924665,2427.9525199410746,97296.35076200205,68,32,38,1,59049.99391358991,2.125,-88.07230579011673,-31.313131313131315,False
2022-05-07 20:00:00,4861980.613255411,31777.651067028833,4055.03589209479,76914.49839919734,153,85,70,1,57199.771920651896,1.8,157.30213348805188,125.0,False
2022-05-07 21:00:00,40679821.30348344,248047.69087489904,10255.316482854749,579113.0607047795,164,76,79,23,535260.8066247822,2.1578947368421053,736.6923799032934,7.189542483660127,False
2022-05-07 22:00:00,198880557.40331808,590150.0219683029,40258.71,3940910.7211050577,337,122,139,48,1630168.503305886,2.762295081967213,388.8924066790032,105.48780487804876,True
2022-05-07 23:00:00,149570974.7631757,464506.1328048935,103250.946061942,2825069.614858846,322,108,122,72,1384916.4329923675,2.9814814814814814,-24.793566190658566,-4.4510385756676545,False
2022-05-08 00:00:00,59757684.57736093,251082.7083082392,34665.124462515,599833.8454817148,238,120,101,40,497980.7048113411,1.9833333333333334,-60.04727209140764,-26.086956521739136,False
2022-05-08 01:00:00,25872786.0458539,166921.20029583163,9672.32348,477679.6642604632,155,80,85,13,323409.82557317376,1.9375,-56.70383444599567,-34.87394957983193,False
2022-05-08 02:00:00,152408464.4311936,435452.755517696,33432.9775997072,943323.075499552,350,127,122,94,1200066.6490645164,2.7559055118110236,489.06862276479484,125.80645161290325,True
2022-05-08 03:00:00,36449778.09749392,223618.2705367725,41015.1117442665,470788.92996449524,163,76,85,21,479602.34338807786,2.1447368421052633,-76.08415107813809,-53.42857142857142,False
2022-05-08 04:00:00,74132799.15810692,481381.81271498004,41901.5976039465,1752889.186192641,154,65,73,32,1140504.6024324142,2.3692307692307693,103.38340321255313,-5.521472392638039,False
2022-05-08 05:00:00,25107798.572365917,179341.41837404226,4628.75260725344,602730.6390190503,140,98,66,13,256202.0262486318,1.4285714285714286,-66.13132262978874,-9.090909090909093,False
2022-05-08 06:00:00,5383938.213297016,97889.78569630938,4544.451,195411.87095989176,55,33,37,7,163149.6428271823,1.6666666666666667,-78.55670939138936,-60.71428571428572,False
2022-05-08 07:00:00,37751252.99954505,725985.6346066357,4580.0,2346599.314206681,52,38,30,8,993454.0263038172,1.368421052631579,601.1828795937638,-5.454545454545457,False
2022-05-08 08:00:00,92456707.94967462,453219.1566160521,104592.743246956,762989.0527981772,204,76,77,57,1216535.6309167712,2.6842105263157894,144.9103025819801,292.30769230769226,False
2022-05-08 09:00:00,3862303.227495315,74275.0620672176,1924.582419055,249750.0294451114,52,34,37,1,113597.1537498622,1.5294117647058822,-95.82258192710299,-74.50980392156863,False
2022-05-08 10:00:00,8043224.991482162,85566.22331364002,10508.770324000001,244254.87314100354,94,61,52,3,131856.1474013469,1.540983606557377,108.24944386094084,80.76923076923077,False
2022-05-08 11:00:00,23197614.20480012,399958.8656000021,24875.1,827414.9021728366,58,42,44,14,552324.1477333362,1.380952380952381,188.4118525761318,-38.297872340425535,False
2022-05-08 12:00:00,14966931.802860158,241402.12585258318,13775.34110727455,601824.8460543135,62,36,43,7,415748.10563500435,1.7222222222222223,-35.480728014852694,6.896551724137923,False
2022-05-08 13:00:00,31242413.361674976,181641.9381492731,14985.0,532399.938242494,172,87,85,18,359108.19955948245,1.9770114942528736,108.74293925562353,177.4193548387097,False
2022-05-08 14:00:00,63702868.85980743,312268.964999056,41342.581034999996,607473.9571266803,204,95,102,49,670556.5143137624,2.1473684210526316,103.89868132898994,18.60465116279071,False
2022-05-08 15:00:00,219821055.1704044,1099105.275852022,168369.605772912,6675436.090750344,200,85,86,60,2586130.060828287,2.3529411764705883,245.07245765362677,-1.9607843137254943,False
2022-05-08 16:00:00,18446595.203550044,153721.62669625037,11446.611593072,459361.4319814765,120,68,61,11,271273.45887573593,1.7647058823529411,-91.60835835800609,-40.0,False
2022-05-08 17:00:00,17753015.47458395,159937.07634760314,5069.66182157565,619475.9593322598,111,57,64,13,311456.41183480615,1.9473684210526316,-3.759933588354647,-7.499999999999996,False
2022-05-08 18:00:00,10617312.528896753,139701.48064337834,6143.26404579,408961.2594273654,76,45,49,8,235940.27841992784,1.6888888888888889,-40.19431490894042,-31.53153153153153,False
2022-05-08 19:00:00,2967444.9981271746,37562.59491300221,1014.108578,187422.51489722467,79,46,44,2,64509.673872329884,1.7173913043478262,-72.05088396851099,3.9473684210526327,False
2022-05-08 20:00:00,21376152.723148502,207535.46333153886,3000.0,1430391.5339808334,103,63,48,8,339304.01147854765,1.6349206349206349,620.3554821282114,30.379746835443044,False
2022-05-08 21:00:00,2404206.010764895,25851.6775351064,4969.0,65428.38695701862,93,53,59,2,45362.377561601796,1.7547169811320755,-88.75285912342238,-9.708737864077666,False
2022-05-08 22:00:00,2214827.055751315,23313.969007908578,1978.02,54771.566717290654,95,53,47,0,41789.18973115688,1.7924528301886793,-7.876985340092779,2.1505376344086002,False
2022-05-08 23:00:00,5239998.446658501,60930.21449602908,3801.4936837705,196640.3535742349,86,42,57,4,124761.86777758336,2.0476190476190474,136.58725104750835,-9.473684210526311,False
2022-05-09 00:00:00,47246237.86125177,569231.7814608647,14987.530636,1987800.8897610093,83,51,50,12,926396.8208088583,1.6274509803921569,801.6460279941545,-3.488372093023251,False
2022-05-09 01:00:00,4486778.947647333,58269.856462952375,4688.87908927,138970.04090153193,77,43,47,2,104343.69645691472,1.7906976744186047,-90.50341540246299,-7.2289156626506035,False
2022-05-09 02:00:00,25527882.210626654,232071.65646024232,8939.539348999999,513406.99275414017,110,62,54,21,411740.03565526864,1.7741935483870968,468.9578762067683,42.85714285714286,False
2022-05-09 03:00:00,93517072.9151921,1126711.7218697844,4355.64,5613292.183837714,83,54,48,5,1731797.6465776314,1.537037037037037,266.3330633681126,-24.545454545454547,False
2022-05-09 04:00:00,89565102.63639496,752647.9213142433,7042.95,3937346.8125668657,119,73,54,10,1226919.2141971912,1.63013698630137,-4.225934533238718,43.37349397590362,False
2022-05-09 05:00:00,77720213.60043679,925240.638100438,10206.919194085189,2794422.9881002335,84,44,46,21,1766368.490919018,1.9090909090909092,-13.22489305242528,-29.411764705882348,False
2022-05-09 06:00:00,4793025.774154693,47930.25774154693,5714.857752517365,111450.51572672019,100,45,50,4,106511.68387010429,2.2222222222222223,-93.83297400751385,19.047619047619047,False
2022-05-09 07:00:00,719998.2063842118,13846.119353542534,4710.675678834345,38688.87922080765,52,34,35,0,21176.417834829757,1.5294117647058822,-84.97821125297011,-48.0,False
2022-05-09 08:00:00,10848978.0792871,82189.22787338712,8282.14336463118,230160.95278354594,132,55,51,6,197254.1468961291,2.4,1406.8062646669669,153.84615384615384,False
2022-05-09 09:00:00,2896309.304940849,28676.329751889596,7500.0,59604.31242902905,101,47,42,0,61623.602232784026,2.148936170212766,-73.30339057030181,-23.484848484848484,False
2022-05-09 10:00:00,8310853.533975576,105200.67764526045,7731.0,243564.08514917013,79,38,53,8,218706.6719467257,2.0789473684210527,186.94633959839823,-21.78217821782178,False
2022-05-09 11:00:00,5032600.577147134,59911.911632703974,6864.129,145816.3209827866,84,49,52,4,102706.13422749253,1.7142857142857142,-39.44544255805528,6.329113924050622,False
2022-05-09 12:00:00,271784158.7331587,1742206.1457253764,12621.1907833418,7097551.152445255,156,76,79,29,3576107.3517520884,2.0526315789473686,5300.471477258125,85.71428571428572,False
2022-05-09 13:00:00,20866568.42408468,108680.04387544103,18241.739999999998,279979.17414316704,192,75,81,12,278220.91232112906,2.56,-92.32237503416387,23.076923076923084,False
2022-05-09 14:00:00,111817262.71053664,430066.39504052553,27975.9671061659,1790448.4165052038,260,98,102,47,1140992.476638129,2.6530612244897958,435.86799917457705,35.41666666666667,False
2022-05-09 15:00:00,45737600.30562796,172594.7181344451,10576.0,461498.2110660597,265,108,123,33,423496.2991261848,2.4537037037037037,-59.09611879515446,1.9230769230769162,False
2022-05-09 16:00:00,131447948.46714787,302179.19187850086,36708.4735393,1142001.4785787049,435,164,164,65,801511.8808972432,2.652439024390244,187.39581348559153,64.15094339622642,True
2022-05-09 17:00:00,69073883.12362044,160636.9374967917,20829.4155867879,541591.1356793782,430,166,181,44,416107.72966036404,2.5903614457831323,-47.45153201011446,-1.1494252873563204,True
2022-05-09 18:00:00,245785559.0546604,257636.85435498995,94786.25218382134,636278.425639108,954,221,282,168,1112151.8509260651,4.316742081447964,255.82994315634738,121.86046511627909,True
2022-05-09 19:00:00,147971685.33078358,166073.72090997035,38751.479946755,418948.6296047078,891,238,304,98,621729.77029741,3.7436974789915967,-39.7964282767825,-6.6037735849056585,True
2022-05-09 20:00:00,70519720.66276705,123936.24018060994,25840.1839712995,228259.08233746744,569,196,225,65,359794.4931773829,2.9030612244897958,-52.342422467431106,-36.13916947250281,True
2022-05-09 21:00:00,291420205.9208346,393279.6301225838,30000.0,6127269.587694917,741,193,216,85,1509949.253475827,3.839378238341969,313.2463985704617,30.228471001757473,True
2022-05-09 22:00:00,113009507.77437155,106112.21387264934,23737.2384601477,287606.4685224022,1065,242,274,68,466981.43708417995,4.400826446280992,-61.2211145698418,43.724696356275295,True
2022-05-09 23:00:00,60637459.67598219,69939.39985695755,17500.0,180301.24750245927,867,226,265,24,268307.3436990362,3.836283185840708,-46.34304593464158,-18.591549295774644,True
2022-05-10 00:00:00,85976481.56010559,71826.6345531375,23456.52,165262.32526811023,1197,302,415,40,284690.33629174036,3.9635761589403975,41.787736523797506,38.06228373702423,True
2022-05-10 01:00:00,116518399.36544125,108895.70034153387,21106.07361998,432912.3162298994,1070,271,377,47,429957.1932304105,3.9483394833948338,35.523572552784685,-10.609857978279036,True
2022-05-10 02:00:00,61341740.47300936,62785.814199600165,14178.852212,164118.41535903115,977,283,335,34,216755.26668907903,3.452296819787986,-47.35446006203634,-8.691588785046733,True
2022-05-10 03:00:00,91393868.91488218,93449.76371664845,18800.065977744198,311742.4420993207,978,241,325,50,379227.6718459842,4.058091286307054,48.991320119284666,0.10235414534287557,True
2022-05-10 04:00:00,121398997.67596094,123372.96511784648,32579.68351560795,1268160.5405803442,984,244,298,36,497536.8757211514,4.032786885245901,32.830570712597165,0.6134969325153339,True
2022-05-10 05:00:00,143600301.82437766,158150.1121413851,30000.0,685169.326698908,908,307,287,68,467753.426138038,2.957654723127036,18.2878809326553,-7.72357723577236,True
2022-05-10 06:00:00,359941558.3800295,479922.07784003933,41327.7195597826,6163490.818872413,750,234,246,79,1538211.787948844,3.2051282051282053,150.6551544858422,-17.400881057268723,True
2022-05-10 07:00:00,407722411.2356555,489462.67855420825,53299.2561910228,6748109.725739022,833,243,241,122,1677870.005085002,3.42798353909465,13.274614098652805,11.06666666666667,True
2022-05-10 08:00:00,163226721.0499506,245823.3750752268,30105.1943565,921170.6783988731,664,176,221,94,927424.5514201738,3.772727272727273,-59.966213150935,-20.288115246098435,True
2022-05-10 09:00:00,72051463.51556341,152651.4057533123,36556.33020102835,388825.281449821,472,187,175,48,385301.9439334942,2.5240641711229945,-55.858046371271385,-28.915662650602414,True
2022-05-10 10:00:00,245503286.7776577,610704.6934767604,67446.5329975,7312291.597474735,402,123,148,47,1995961.6811191682,3.268292682926829,240.7332409349714,-14.830508474576277,True
2022-05-10 11:00:00,68438804.56075571,151079.03876546514,58307.0087073932,390453.76485616487,453,130,153,47,526452.3427750439,3.4846153846153847,-72.12305975245947,12.686567164179108,True
2022-05-10 12:00:00,192773387.18545473,519604.81721146824,20696.4882980129,7578125.985607238,371,141,138,34,1367187.1431592533,2.631205673758865,181.67263940784136,-18.101545253863137,True
2022-05-10 13:00:00,75688622.01954854,172411.439680065,40626.675596023,518541.6979453047,439,140,162,44,540633.0144253466,3.1357142857142857,-60.7369963641644,18.328840970350413,True
2022-05-10 14:00:00,240255981.04469568,521162.6486869754,24482.8981831094,6819418.922825826,461,154,168,48,1560103.7730175045,2.9935064935064934,217.42681348148122,5.011389521640086,True
2022-05-10 15:00:00,136275017.65819326,221225.6780165475,92648.0,591655.9361203151,616,158,190,71,862500.1117607169,3.8987341772151898,-43.27924030626254,33.622559652928416,True
2022-05-10 16:00:00,57433689.6104613,130531.11275104841,6264.25618651686,676099.7861809946,440,151,166,32,380355.56033418083,2.9139072847682117,-57.85457188160693,-28.57142857142857,True
2022-05-10 17:00:00,104141111.29436918,325440.9727949037,41573.93545347525,2103950.1788935773,320,121,133,38,860670.3412757784,2.644628099173554,81.32408347904627,-27.27272727272727,False
2022-05-10 18:00:00,88205980.69914506,344554.6121060354,15146.470073021901,2584817.416590527,256,104,121,23,848134.4297994717,2.4615384615384617,-15.301479307419019,-19.999999999999996,False
2022-05-10 19:00:00,123808168.55757792,335523.49202595645,14247.64,2481624.3134228075,369,135,153,32,917097.5448709476,2.7333333333333334,40.3625554369897,44.140625,True
2022-05-10 20:00:00,143620604.2309577,304926.9728895068,37662.2097286555,2448068.443308648,471,144,170,45,997365.3071594284,3.2708333333333335,16.00252705795082,27.642276422764223,True
2022-05-10 21:00:00,210204826.06504145,188018.62796515337,37989.405719762,610594.1317299766,1118,228,287,107,921950.9915133397,4.9035087719298245,46.36119043686031,137.36730360934183,True
2022-05-10 22:00:00,218817864.13715845,134409.00745525703,38522.5934992395,362062.6982381226,1628,309,447,122,708148.4276283445,5.268608414239482,4.097450202904462,45.61717352415027,True
2022-05-10 23:00:00,286663798.1386992,181088.9438652553,46775.6270738671,1409294.2933401547,1583,332,391,138,863445.1751165638,4.768072289156627,31.00566503976743,-2.764127764127766,True
2022-05-11 00:00:00,68299352.11570716,103640.89850638415,24950.0000003011,271437.61840940476,659,213,220,46,320654.23528501013,3.0938967136150235,-76.1744062001644,-58.37018319646241,True
2022-05-11 01:00:00,131511896.04584259,243540.54823304183,32453.0877942628,831141.7319403548,540,167,194,70,787496.3835080394,3.2335329341317367,92.55218676605588,-18.05766312594841,True
2022-05-11 02:00:00,125527660.57969308,191061.88824915234,35980.56,677686.5044531575,657,226,216,59,555432.1264588189,2.9070796460176993,-4.550337761128098,21.666666666666657,True
2022-05-11 03:00:00,80998130.46889818,167697.9926892302,35642.9205168872,607836.4841196256,483,165,160,27,490897.7604175647,2.9272727272727272,-35.47387874923764,-26.48401826484018,True
2022-05-11 04:00:00,139518624.62703854,238901.75449835366,26273.638344135252,2031714.0222505794,584,178,184,45,783812.4979047109,3.2808988764044944,72.2491912089393,20.91097308488612,True
2022-05-11 05:00:00,136182581.94412395,154402.02034481172,27577.653075689952,914051.2901328192,882,205,261,53,664305.2777762144,4.302439024390244,-2.3911092098510167,51.027397260273965,True
2022-05-11 06:00:00,208114091.2223454,127834.20836753404,33547.6744458997,865732.1488354716,1628,283,370,71,735385.4813510439,5.752650176678445,52.819904169341655,84.58049886621315,True
2022-05-11 07:00:00,236359654.61600932,154080.60926728116,34345.02954461745,538961.0716878934,1534,327,378,124,722812.3994373374,4.691131498470948,13.572153249097795,-5.773955773955775,True
2022-05-11 08:00:00,192687066.57910717,158329.55347502642,34212.2296807987,612643.7197837121,1217,270,360,90,713655.8021448414,4.507407407407407,-18.477175433283143,-20.664928292046937,True
2022-05-11 09:00:00,200309434.6047399,148157.86583190822,8794.979875253804,1205249.7034068478,1352,672,292,78,298079.51578086294,2.011904761904762,3.9558275295572987,11.092851273623673,True
2022-05-11 10:00:00,111502307.78460194,100362.1132174635,26273.4776490761,360319.75248238136,1111,287,311,61,388509.78322160954,3.8710801393728222,-44.334969541188315,-17.825443786982255,True
2022-05-11 11:00:00,59672721.3698469,72155.64857297087,23440.0811207095,205748.43448739618,827,217,269,26,274989.49940021615,3.8110599078341014,-46.4829719173871,-25.56255625562557,True
2022-05-11 12:00:00,111335532.45764618,124955.70421733578,31100.3459815495,342276.74460689985,891,245,289,62,454430.74472508644,3.636734693877551,86.57693147191523,7.738814993954057,True
2022-05-11 13:00:00,84139795.95728113,182912.59990713288,32779.640353654206,749426.6215213898,460,174,218,29,483562.0457315007,2.6436781609195403,-24.426825740210788,-48.372615039281705,True
2022-05-11 14:00:00,65947914.312216654,125615.07488041268,9990.0,848480.1621667157,525,204,252,19,323274.0897657679,2.573529411764706,-21.621019445187063,14.130434782608692,True
2022-05-11 15:00:00,87508250.41706367,152719.4597156434,19391.1440428759,929782.5000277146,573,205,220,44,426869.5142295789,2.795121951219512,32.69297646438687,9.142857142857142,True
2022-05-11 16:00:00,52180437.276324786,77649.46023262617,12568.0708299637,550746.817166769,672,233,256,13,223950.37457650123,2.88412017167382,-40.37083700378739,17.277486910994753,True
2022-05-11 17:00:00,31272475.15573919,46398.33109160117,17050.0821352144,108389.87376152893,674,178,218,10,175688.06267269206,3.7865168539325844,-40.06858357638164,0.29761904761904656,False
2022-05-11 18:00:00,29217763.933841422,43936.48711855853,10949.0113523415,81314.33795182915,665,197,213,6,148313.52250680924,3.3756345177664975,-6.570350481262377,-1.3353115727002929,False
2022-05-11 19:00:00,26881699.754949167,45331.70279080804,22183.33,87980.39382902652,593,200,184,8,134408.49877474585,2.965,-7.995355784863856,-10.82706766917293,False
2022-05-11 20:00:00,51869719.19990899,99367.27816074519,29954.5,519932.64595287625,522,171,179,10,303331.6912275379,3.0526315789473686,92.95550382880569,-11.97301854974705,True
2022-05-11 21:00:00,48579237.30815436,88648.2432630554,15904.928031,332538.3217596113,548,179,230,15,271392.38719639304,3.0614525139664805,-6.343743406577762,4.980842911877392,True
2022-05-11 22:00:00,56028244.03977693,78691.35398845075,23031.45,346495.5121808768,712,207,216,17,270667.8456027871,3.4396135265700485,15.333725155813017,29.92700729927007,True
2022-05-11 23:00:00,56223192.80036528,101303.05009074825,45000.0,789059.0138739209,555,169,167,9,332681.61420334486,3.2840236686390534,0.34794729681326686,-22.05056179775281,True
2022-05-12 00:00:00,116159080.44007856,175466.8888822939,13628.77236452175,1443727.564178989,662,208,206,16,558457.1175003777,3.1826923076923075,106.6034934240232,19.279279279279283,True
2022-05-12 01:00:00,45120500.038220145,61138.8889406777,17572.41,321304.70998027624,738,212,217,4,212832.54735009503,3.481132075471698,-61.15628682038693,11.480362537764343,True
2022-05-12 02:00:00,26656650.171247236,45959.741674564204,20099.33645,76316.35541127372,580,182,188,7,146465.11083102878,3.1868131868131866,-40.92119956856144,-21.409214092140928,False
2022-05-12 03:00:00,28934645.751189154,58690.965012554065,22011.8341442828,189058.34517516554,493,175,189,10,165340.83286393803,2.817142857142857,8.545693345966775,-15.000000000000002,False
2022-05-12 04:00:00,15987698.422579214,61967.82334333029,5280.8594785000005,312097.41229305766,258,100,138,4,159876.98422579214,2.58,-44.745484150528604,-47.66734279918864,False
2022-05-12 05:00:00,16663765.1817217,43736.91648745853,8500.0,88374.44438473966,381,122,196,2,136588.23919444016,3.122950819672131,4.228668450411144,47.67441860465116,False
2022-05-12 06:00:00,9088526.034826713,22440.80502426349,5395.09211113945,52204.342103165116,405,152,223,2,59792.93443964943,2.664473684210526,-45.45934885834916,6.299212598425208,False
2022-05-12 07:00:00,12228966.742759606,47769.40133890471,5443.462656677685,87492.97163677607,256,86,155,2,142197.28770650705,2.9767441860465116,34.553905615706036,-36.79012345679013,False
2022-05-12 08:00:00,25911207.289060485,46686.85998028916,5427.60083977245,115236.5256308651,555,250,178,13,103644.82915624193,2.22,111.88386422263936,116.796875,False
2022-05-12 09:00:00,26346965.46909333,31290.932861155976,5199.72141341737,78881.75767196564,842,250,202,9,105387.86187637332,3.368,1.6817363049572043,51.711711711711715,False
2022-05-12 10:00:00,16266791.732022787,36228.93481519551,7172.27209802008,91120.90156457009,449,162,203,5,100412.29464211597,2.771604938271605,-38.259334832678284,-46.67458432304038,False
2022-05-12 11:00:00,12927075.108646378,31224.819103010574,5239.60194967944,149786.23302610902,414,167,219,1,77407.63538111604,2.4790419161676644,-20.530886965263385,-7.795100222717144,False
2022-05-12 12:00:00,19551367.315931216,41160.7732966973,10289.7,72146.58602047373,475,157,210,3,124531.00201230074,3.0254777070063694,51.24355008082322,14.734299516908212,False
2022-05-12 13:00:00,20988874.143194836,48361.46115943511,9675.05673179646,206822.15060075792,434,126,153,5,166578.36621583204,3.4444444444444446,7.3524618715146595,-8.631578947368423,False
2022-05-12 14:00:00,21946518.07557296,44606.744056042604,19100.5659070017,102551.81291272852,492,133,162,5,165011.41410205234,3.699248120300752,4.562626493658883,13.364055299539167,False
2022-05-12 15:00:00,15954285.809547354,46244.30669434016,5389.5665857836,140545.38608669146,345,125,174,8,127634.28647637882,2.76,-27.303794822446648,-29.87804878048781,False
2022-05-12 16:00:00,23779807.504793458,44952.37713571542,14786.9734826094,137145.21504264613,529,123,196,3,193331.76833165414,4.300813008130081,49.04965216658685,53.33333333333334,False
2022-05-12 17:00:00,8085258.217074045,28979.42013288188,5239.60785576516,65404.02884439058,279,99,145,2,81669.27491993985,2.8181818181818183,-65.99947995607516,-47.25897920604915,False
2022-05-12 18:00:00,33303834.614029434,77271.07799078755,5458.26375143866,1084336.438262072,431,201,172,4,165690.71947278324,2.144278606965174,311.90811375325103,54.48028673835126,True
2022-05-12 19:00:00,16468470.67039072,31915.64083409054,5277.444901598195,122912.9936335585,516,184,201,5,89502.55799125391,2.8043478260869565,-50.550827370932,19.721577726218097,False
2022-05-12 20:00:00,12823629.000986133,26331.887065679944,6876.457375,77114.82122268401,487,157,202,4,81679.16561137664,3.1019108280254777,-22.132241313443778,-5.620155038759689,False
2022-05-12 21:00:00,169799504.7561792,339599.0095123584,4997.9164235,3776070.41837428,500,192,235,10,884372.4206051001,2.6041666666666665,1224.114295127547,2.6694045174537884,True
2022-05-12 22:00:00,64865041.81413586,90593.6338186255,9273.370701833534,1060051.4122238816,716,195,304,9,332641.2400724916,3.6717948717948716,-61.79903945698915,43.199999999999996,True
2022-05-12 23:00:00,26699302.597054888,29731.962802956445,10222.28339633,84168.22301418478,898,196,361,3,136220.93161762698,4.581632653061225,-58.83868744961423,25.418994413407823,False
2022-05-13 00:00:00,33636600.8034187,36641.177345772005,12300.0,126484.27089157877,918,243,326,6,138422.22552847202,3.7777777777777777,25.98306896274154,2.2271714922049046,True
2022-05-13 01:00:00,60714572.82139293,56373.7909205134,21747.6,87330.8695364661,1077,234,333,15,259463.9864162091,4.602564102564102,80.50151136324726,17.320261437908503,True
2022-05-13 02:00:00,26474115.86255959,55734.98076328335,32178.5774275106,94485.2682222331,475,151,143,7,175325.27061297742,3.1456953642384105,-56.39578007006685,-55.89600742804086,False
2022-05-13 03:00:00,9961989.665170027,44079.60028836295,14460.558685926,141237.4389095911,226,97,89,1,102700.92438319615,2.329896907216495,-62.37083150618623,-52.421052631578945,False
2022-05-13 04:00:00,5106948.618551823,26460.87367125297,10400.8674693346,38710.119654532704,193,83,78,0,61529.50142833522,2.325301204819277,-48.73565632769947,-14.601769911504425,False
2022-05-13 05:00:00,5765097.404485299,28122.426363342922,14979.3079640421,35051.423417172424,205,77,86,0,74871.39486344544,2.6623376623376624,12.88731951487907,6.217616580310881,False
2022-05-13 06:00:00,4938008.393385435,28543.40111783489,12193.5770546006,43719.01792528522,173,73,74,0,67643.95059432104,2.3698630136986303,-14.346488065516127,-15.609756097560979,False
2022-05-13 07:00:00,31485792.734944128,70438.0150669891,5189.97734805311,336385.4902045997,447,258,188,16,122037.95633699275,1.7325581395348837,537.6212883137258,158.38150289017344,False
2022-05-13 08:00:00,20248865.093640815,46020.147940092764,6397.53240348763,195868.7352974684,440,266,136,5,76123.55298361208,1.6541353383458646,-35.68888271576578,-1.5659955257270708,False
2022-05-13 09:00:00,9901848.017410273,46055.1070577222,12435.4654034679,115853.85390308185,215,110,68,1,90016.8001582752,1.9545454545454546,-51.09924446817534,-51.13636363636363,False
2022-05-13 10:00:00,9361012.532797974,49268.487014726175,18142.1103410183,85349.33896595862,190,80,70,2,117012.65665997467,2.375,-5.461965116626266,-11.627906976744185,False
2022-05-13 11:00:00,9142212.276627507,46172.7892758965,32780.7309721123,52751.102009422575,198,63,77,0,145114.480581389,3.142857142857143,-2.3373567272115148,4.210526315789465,False
2022-05-13 12:00:00,8626419.231375981,35794.27066960988,17786.0388845555,42288.66854999426,241,76,78,0,113505.51620231554,3.1710526315789473,-5.641884367202621,21.717171717171713,False
2022-05-13 13:00:00,35560772.98644399,127457.96769334763,20000.0,1271984.1280089242,279,79,100,7,450136.3669170125,3.5316455696202533,312.2309852169307,15.767634854771796,False
2022-05-13 14:00:00,31904541.287233494,105644.17644779303,9731.13345711433,1125866.0561166126,302,94,87,5,339410.01369397336,3.2127659574468086,-10.281642923240941,8.24372759856631,False
2022-05-13 15:00:00,22367597.259092808,75311.77528314077,25904.1404912274,136489.35315628545,297,102,109,12,219290.16920679223,2.911764705882353,-29.892120818414224,-1.655629139072845,False
2022-05-13 16:00:00,6185133.662176712,34747.94192234108,8472.15587212306,87919.58621970592,178,77,96,1,80326.41119710015,2.311688311688312,-72.34779582924425,-40.06734006734006,False
2022-05-13 17:00:00,12858629.826154439,36119.746702681005,15000.0,61070.87116773882,356,101,99,1,127313.1665955885,3.5247524752475248,107.89574693894566,100.0,False
2022-05-13 18:00:00,3969688.391757737,25610.892850049917,5049.35521965762,70008.69070902403,155,73,85,1,54379.29303777722,2.1232876712328768,-69.12821626077613,-56.46067415730337,False
2022-05-13 19:00:00,8626946.560808657,37672.25572405527,6720.52460193577,75432.29426102983,229,95,101,1,90809.96379798587,2.4105263157894736,117.32049746576543,47.741935483870975,False
2022-05-13 20:00:00,7768559.175945048,37348.8421920435,10723.9759972672,83065.53943795426,208,79,79,4,98336.19210057023,2.632911392405063,-9.950071891753398,-9.170305676855895,False
2022-05-13 21:00:00,26994584.023343205,199959.88165439412,6894.95648485418,1826955.4145102862,135,58,72,1,465423.8624714346,2.3275862068965516,247.48507943314087,-35.09615384615385,False
2022-05-13 22:00:00,16467295.190487444,85322.77300770697,14731.6559895106,177342.50599347986,193,69,81,14,238656.45203604992,2.7971014492753623,-38.997781272541296,42.96296296296296,False
2022-05-13 23:00:00,6356846.911378272,43840.3235267467,4945.33945207843,83456.51320479297,145,61,46,2,104210.60510456184,2.377049180327869,-61.39713998052096,-24.870466321243523,False
2022-05-14 00:00:00,6203380.594659922,38771.12871662451,11559.3557281198,77117.94548807706,160,62,73,1,100054.52572032131,2.5806451612903225,-2.4141892805953358,10.344827586206895,False
2022-05-14 01:00:00,21491900.011154424,129469.27717562906,13156.86996,470520.48473454127,166,70,85,11,307027.1430164918,2.3714285714285714,246.45464167804528,3.750000000000009,False
2022-05-14 02:00:00,10966192.801207714,63388.39769484228,6936.55032730465,179558.42857917372,173,64,66,7,171346.76251887053,2.703125,-48.975228827994755,4.216867469879526,False
2022-05-14 03:00:00,6444199.496352788,30833.490413171236,4710.9809954485,97354.98900783436,209,84,92,3,76716.66067086652,2.488095238095238,-41.23576328474652,20.809248554913285,False
2022-05-14 04:00:00,3240202.094151456,24362.42176053726,2779.79859861393,51502.03637415975,133,72,65,0,45002.80686321467,1.8472222222222223,-49.71909085084491,-36.36363636363637,False
2022-05-14 05:00:00,2097528.413150514,13445.694956093039,1000.0,50951.589743542136,156,81,60,2,25895.412508031037,1.9259259259259258,-35.265506526999054,17.29323308270676,False
2022-05-14 06:00:00,916839.6513068577,10301.56911580739,2010.60835467069,21801.630538242807,89,44,51,0,20837.264802428585,2.022727272727273,-56.289524110438485,-42.94871794871795,False
2022-05-14 07:00:00,5229238.292040161,37351.70208600115,5097.5509574355,213913.10406858686,140,72,71,1,72628.3096116689,1.9444444444444444,470.35472719645537,57.30337078651686,False
2022-05-14 08:00:00,2788485.026491408,28453.92884174906,5258.845965536985,98400.84857111398,98,39,45,2,71499.61606388225,2.5128205128205128,-46.67512033758373,-30.000000000000004,False
2022-05-14 09:00:00,1989510.3678927643,9611.161197549585,4462.04733108199,15357.646141276524,207,65,77,0,30607.851813734836,3.1846153846153844,-28.6526429587448,111.22448979591834,False
2022-05-14 10:00:00,462794.48062709684,4674.691723506029,1072.601361,12614.809166196197,99,40,54,0,11569.862015677421,2.475,-76.73827248674877,-52.17391304347826,False
2022-05-14 11:00:00,10310569.12900183,60650.40664118723,4151.26782980815,139075.0421994437,170,59,86,12,174755.4089661327,2.8813559322033897,2127.893711055235,71.71717171717171,False
2022-05-14 12:00:00,5403487.022290473,40025.82979474424,3819.31344612945,90901.47198437275,135,48,66,3,112572.64629771818,2.8125,-47.59273756197019,-20.588235294117652,False
2022-05-14 13:00:00,3585391.2269370435,20487.949868211675,3697.6728652985,61793.079304430896,175,61,98,3,58776.90535962366,2.8688524590163933,-33.646713462129505,29.629629629629626,False
2022-05-14 14:00:00,16969884.388974506,87025.04814858722,1855.15642116179,279885.4726280735,195,76,119,13,223287.95248650666,2.5657894736842106,373.30635110276864,11.428571428571432,False
2022-05-14 15:00:00,5685816.140822946,35097.63049890708,2435.29519708263,115697.87714530945,162,60,93,5,94763.6023470491,2.7,-66.4946677862044,-16.92307692307692,False
2022-05-14 16:00:00,1388127.269601243,10132.315836505424,1949.39529290075,22412.435913374473,137,49,72,0,28329.12795104578,2.795918367346939,-75.5861386435839,-15.432098765432102,False
2022-05-14 17:00:00,957127.0506559877,11260.31824301162,883.48563054,28873.301575191694,85,45,53,0,21269.490014577503,1.8888888888888888,-31.049041999518213,-37.95620437956204,False
2022-05-14 18:00:00,7477146.221382164,50864.94028151132,5098.0,218986.1930578499,147,49,83,6,152594.82084453397,3.0,681.2072823829961,72.94117647058825,False
2022-05-14 19:00:00,18635961.074971173,184514.4660888235,5677.33653206884,462762.2467252561,101,39,53,14,477845.1557684916,2.58974358974359,149.23895458508608,-31.292517006802722,False
2022-05-14 20:00:00,1625525.68002955,10555.361558633442,3044.7688045751347,21298.055538495213,154,55,83,0,29555.01236417364,2.8,-91.27747866884796,52.475247524752476,False
2022-05-14 21:00:00,172920810.26292324,1080755.0641432703,3904.44,2325099.8433449618,160,75,85,32,2305610.8035056433,2.1333333333333333,10537.839339442471,3.8961038961038863,False
2022-05-14 22:00:00,2330911.4527713056,18647.291622170444,3103.81787422048,86592.69554547474,125,45,65,1,51798.03228380679,2.7777777777777777,-98.65203531649708,-21.875,False
2022-05-14 23:00:00,361813.77212556,3730.038887892371,467.114739540962,20409.703132667008,97,41,54,0,8824.726149403901,2.3658536585365852,-84.47758400708932,-22.4,False
2022-05-15 00:00:00,6493888.236546619,65594.83067218807,472.188267309882,212010.007357346,99,50,50,9,129877.76473093238,1.98,1694.8151056817842,2.0618556701030855,False
2022-05-15 01:00:00,9339963.254674751,34087.45713384946,3098.30212253945,116698.8904025558,274,92,116,10,101521.33972472556,2.9782608695652173,43.82697875998009,176.76767676767676,False
2022-05-15 02:00:00,11573764.2467185,68891.45384951487,3796.2,328191.8224904926,168,78,96,6,148381.59290664742,2.1538461538461537,23.91659293654831,-38.68613138686131,False
2022-05-15 03:00:00,7971096.98159517,29522.58141331544,4922.56490727463,106655.35674395745,270,92,103,1,86642.35849559968,2.9347826086956523,-31.127878435443257,60.71428571428572,False
2022-05-15 04:00:00,1657823.5152005698,9527.721351727412,4131.077306661809,19929.737230725892,174,60,69,0,27630.391920009497,2.9,-79.20206567517126,-35.55555555555555,False
2022-05-15 05:00:00,9670440.702844003,79920.99754416532,5137.95261776165,274082.0163588801,121,52,72,7,185970.01351623083,2.326923076923077,483.32148230350305,-30.45977011494253,False
2022-05-15 06:00:00,16635103.321908483,137480.1927430453,1787.211,461716.8919340062,121,67,64,10,248285.1242075893,1.8059701492537314,72.02011607409192,0.0,False
2022-05-15 07:00:00,6143627.21225984,58510.73535485562,5244.45614807189,210149.71734470813,105,55,52,3,111702.31295017891,1.9090909090909092,-63.06829543902703,-13.223140495867769,False
2022-05-15 08:00:00,1034099.550254613,7034.690818058592,4651.14092765274,10457.694785750187,147,81,62,0,12766.661114254483,1.8148148148148149,-83.16793134532922,39.99999999999999,False
2022-05-15 09:00:00,1479055.1492500382,18259.940114198,4333.37168549652,100200.78984360478,81,36,45,1,41084.86525694551,2.25,43.02831375237224,-44.89795918367348,False
2022-05-15 10:00:00,14141633.254367763,133411.63447516758,4243.45762544046,349896.6164306602,106,62,53,15,228090.85894141553,1.7096774193548387,856.1261634860839,30.864197530864203,False
2022-05-15 11:00:00,870693.4569346295,7705.251831279907,2028.0,21121.06512476474,113,48,72,0,18139.44701947145,2.3541666666666665,-93.84304881003962,6.60377358490567,False
2022-05-15 12:00:00,17647562.668310992,205204.21707338362,5070.372946148485,430656.4170133812,86,38,58,15,464409.54390292085,2.263157894736842,1926.8399317529208,-23.893805309734518,False
2022-05-15 13:00:00,27310248.92041919,159709.0580141473,7038.00070596201,718157.1175318405,171,67,82,13,407615.6555286446,2.5522388059701493,54.75365881238143,98.83720930232558,False
2022-05-15 14:00:00,5231538.843630713,43596.15703025595,6068.94331430108,216108.51544208053,120,50,66,2,104630.77687261427,2.4,-80.84404554907142,-29.824561403508774,False
2022-05-15 15:00:00,7729901.305441582,88849.44029243197,3996.0,345120.6527041135,87,40,58,4,193247.53263603954,2.175,47.75578537188099,-27.500000000000004,False
2022-05-15 16:00:00,16122298.832921986,201528.73541152483,2556.0702499999998,1004169.3693554768,80,32,52,4,503821.83852881205,2.5,108.57056508046807,-8.045977011494255,False
2022-05-15 17:00:00,1888561.2099880814,17986.297237981726,7875.46578782119,28824.06999686383,105,46,60,0,41055.67847800177,2.282608695652174,-88.28603023948664,31.25,False
2022-05-15 18:00:00,999568.5469607206,11899.625559056198,2973.71322679311,25265.49309337416,84,39,41,0,25629.96274258258,2.1538461538461537,-47.07248345066725,-19.999999999999996,False
2022-05-15 19:00:00,11128477.424950667,32444.54059752381,6930.99403698008,133918.3201814133,343,71,81,2,156739.118661277,4.830985915492958,1013.3280912837663,308.3333333333333,False
2022-05-15 20:00:00,8494276.902196888,32297.630806832272,8261.94012710275,53040.63255410123,263,68,78,0,124915.83679701306,3.8676470588235294,-23.670807983558962,-23.323615160349853,False
2022-05-15 21:00:00,1263344.719667802,11381.48396097119,2306.13754418988,21649.546333281833,111,44,57,0,28712.37999245005,2.522727272727273,-85.12710694254551,-57.79467680608366,False
2022-05-15 22:00:00,340460.0203328793,6190.182187870533,454.247136,12733.863049390367,55,23,38,0,14802.609579690406,2.391304347826087,-73.05090091147856,-50.45045045045045,False
2022-05-15 23:00:00,505483.78235219093,8286.619382822802,1303.4127691,18734.290224895143,61,38,37,0,13302.204798741866,1.605263157894737,48.47081952763859,10.909090909090914,False
2022-05-16 00:00:00,5069189.324197949,61819.38200241401,5663.7404560564755,142036.20111579378,82,36,40,8,140810.81456105414,2.2777777777777777,902.8391614483173,34.42622950819671,False
2022-05-16 01:00:00,743352.347012563,7585.228030740439,2402.3465,12760.202553949666,98,38,54,0,19561.90386875166,2.5789473684210527,-85.33587326351878,19.512195121951216,False
2022-05-16 02:00:00,201338.65181615925,4026.773036323185,484.163745119673,7415.1425355608,50,23,31,0,8753.854426789532,2.1739130434782608,-72.91477552666467,-48.97959183673469,False
2022-05-16 03:00:00,519910.29264378,8252.544327679048,2497.5,17445.16782266866,63,34,37,0,15291.479195405294,1.8529411764705883,158.22676766431613,26.0,False
2022-05-16 04:00:00,1037187.1362766941,34572.90454255647,2630.813193301265,118948.4714915511,30,20,23,1,51859.356813834704,1.5,99.49348011606492,-52.38095238095239,False
2022-05-16 05:00:00,468261.2042604001,12322.66327001053,584.742839045,24245.3615994653,38,28,24,0,16723.61443787143,1.3571428571428572,-54.852775561662924,26.66666666666666,False
2022-05-16 06:00:00,2098209.4085147623,24684.81657076191,5474.156985,112147.21356443694,85,57,37,1,36810.69137745197,1.4912280701754386,348.0852544316159,123.6842105263158,False
2022-05-16 07:00:00,2461057.9779024017,34181.36080420003,7112.22398899606,69460.45782872509,72,39,39,0,63104.050715446196,1.8461538461538463,17.293248610703984,-15.294117647058824,False
2022-05-16 08:00:00,1450899.1916809715,24181.653194682858,4408.625485579285,58662.212782951974,60,33,41,0,43966.642172150656,1.8181818181818181,-41.04571266876063,-16.666666666666664,False
2022-05-16 09:00:00,10766883.758091165,47431.20598278046,11527.3888082697,102024.98632095207,227,61,72,7,176506.2911162486,3.721311475409836,642.0835175748463,278.3333333333333,False
2022-05-16 10:00:00,12662712.710249523,57820.605982874535,7344.80927,275734.14928339544,219,69,84,3,183517.57551086266,3.1739130434782608,17.607963406623274,-3.524229074889873,False
2022-05-16 11:00:00,22453571.86544946,113401.8781083306,10460.49434,1236109.5866058408,198,71,89,2,316247.49106266844,2.788732394366197,77.32039239328998,-9.589041095890416,False
2022-05-16 12:00:00,3993278.186641947,32731.788415097926,3509.00709608946,108433.14173802573,122,42,62,3,95078.0520629035,2.9047619047619047,-82.21539891037727,-38.38383838383839,False
2022-05-16 13:00:00,6151975.885232865,50016.064107584265,10000.0,164784.20261605657,123,54,75,2,113925.47935616417,2.2777777777777777,54.05828489014495,0.8196721311475308,False
2022-05-16 14:00:00,41318785.46268831,277307.2849844853,12662.3828413867,1404073.9229599223,149,57,74,9,724890.9730296195,2.6140350877192984,571.6343859843382,21.138211382113823,False
2022-05-16 15:00:00,3433353.009976059,19731.913850437122,5593.47955956842,30988.680421736368,174,75,86,0,45778.040133014125,2.32,-91.69057615917475,16.778523489932894,False
2022-05-16 16:00:00,13044697.616083259,107807.41831473768,9990.0,348770.9675203491,121,57,71,6,228854.34414181157,2.1228070175438596,279.9404715501194,-30.45977011494253,False
2022-05-16 17:00:00,13958166.468877494,80683.04317270228,8848.69565844726,404862.42393856164,173,78,79,2,178950.8521650961,2.217948717948718,7.002606573785108,42.975206611570236,False
2022-05-16 18:00:00,6376803.083280648,23444.128982649443,10000.0,51241.924840897205,272,72,91,1,88566.709490009,3.7777777777777777,-54.31489445623823,57.22543352601157,False
2022-05-16 19:00:00,10778805.60077914,99803.75556276982,5559.080717,483117.6564101278,108,55,62,6,195978.28365052983,1.9636363636363636,69.0314952494003,-60.29411764705883,False
2022-05-16 20:00:00,4840894.186580498,24204.470932902488,6194.95508543289,98593.85082152097,200,64,76,3,75638.97166532028,3.125,-55.08876988902578,85.18518518518519,False
2022-05-16 21:00:00,3364249.080568742,23691.89493358269,9512.05967462468,108562.01237446877,142,38,51,2,88532.87054128268,3.736842105263158,-30.503560893877456,-29.000000000000004,False
2022-05-16 22:00:00,3061042.005761448,18440.012082900288,10000.0,70774.65423693013,166,51,57,1,60020.43148551859,3.2549019607843137,-9.012622655039426,16.901408450704224,False
2022-05-16 23:00:00,6542869.357230238,80776.16490407701,3097.5030528633,327218.42724445934,81,43,49,4,152159.75249372647,1.8837209302325582,113.74647407370908,-51.20481927710843,False
2022-05-17 00:00:00,907410.0756783402,10430.000869865979,3651.63410626,14593.486883397798,87,43,43,0,21102.559899496282,2.0232558139534884,-86.13131294337092,7.407407407407418,False
2022-05-17 01:00:00,1480904.668949243,13341.483504047234,3727.13866132756,20217.205417865902,111,48,48,0,30852.180603109227,2.3125,63.20125912666148,27.586206896551737,False
2022-05-17 02:00:00,380065.6796236732,8445.903991637182,2522.34288,11157.372592118407,45,22,32,0,17275.712710166965,2.0454545454545454,-74.3355742207671,-59.45945945945945,False
2022-05-17 03:00:00,708887.1221446402,16485.747026619538,8997.63007893399,18975.0101091686,43,25,28,0,28355.48488578561,1.72,86.5170048625684,-4.444444444444439,False
2022-05-17 04:00:00,617825.9589509732,9653.530608608957,3967.19784953,14748.029153273344,64,30,38,0,20594.198631699106,2.1333333333333333,-12.845650647196694,48.837209302325576,False
2022-05-17 05:00:00,549254.1737499913,11940.308124999812,6512.1016755,16998.41617742753,46,31,35,0,17717.876572580364,1.4838709677419355,-11.09888378879582,-28.125,False
2022-05-17 06:00:00,1588385.570944423,22691.222442063186,5329.72150535718,44312.38280828711,70,36,31,0,44121.82141512286,1.9444444444444444,189.18953134208172,52.17391304347827,False
2022-05-17 07:00:00,876633.5024274484,18263.19796723851,7642.41366752512,34735.27217740943,48,23,23,0,38114.500105541236,2.0869565217391304,-44.80977928386625,-31.428571428571427,False
2022-05-17 08:00:00,233563.12453678314,6673.232129622375,1581.03266339869,9458.611510536786,35,19,24,0,12292.796028251745,1.8421052631578947,-73.3568105838947,-27.083333333333336,False
2022-05-17 09:00:00,666345.4777997837,10576.912346028312,1888.17012420029,18398.545464320145,63,35,30,0,19038.44222285096,1.8,185.29566862120092,80.0,False
2022-05-17 10:00:00,856733.3267278799,16164.77974958264,6656.47194076568,24063.636899087407,53,29,37,0,29542.52850785793,1.8275862068965518,28.571942824124918,-15.873015873015872,False
2022-05-17 11:00:00,15660108.254654365,355911.55124214466,5775.131467644605,1453639.2971438807,44,28,30,3,559289.5805233702,1.5714285714285714,1727.8859670914155,-16.981132075471695,False
2022-05-17 12:00:00,370716.53373715066,6178.608895619178,2525.2265577081453,10820.305061878911,60,35,42,0,10591.90096391859,1.7142857142857142,-97.6327332627029,36.36363636363635,False
2022-05-17 13:00:00,416502.80380033026,11900.080108580865,6101.7674016374,14883.248556775461,35,26,23,0,16019.33860770501,1.3461538461538463,12.350749399173932,-41.666666666666664,False
2022-05-17 14:00:00,149514.66263279325,7869.192770147013,1707.31975312,19283.860505319248,19,16,14,0,9344.666414549578,1.1875,-64.1023634730512,-45.714285714285715,False
2022-05-17 15:00:00,899129.114929125,17982.5822985825,2226.537341676225,34856.67179912462,50,25,32,0,35965.164597165,2.0,501.3651765629024,163.15789473684214,False
2022-05-17 16:00:00,627163.4752337184,16504.301979834694,1495.812754226395,39953.780402675555,38,22,26,0,28507.430692441747,1.7272727272727273,-30.247673574316924,-24.0,False
2022-05-17 17:00:00,372199.9007228424,23262.49379517765,3126.702824,47879.96715946185,16,11,13,0,33836.35461116749,1.4545454545454546,-40.65344755860686,-57.89473684210527,False
2022-05-17 18:00:00,2245721.589828814,46785.866454766954,11596.73947273945,133374.76631202898,48,26,32,2,86373.90730110822,1.8461538461538463,503.36437099188925,200.0,False
2022-05-17 19:00:00,513889.20711483073,12847.230177870768,1910.416512486365,27217.22954034068,40,15,28,0,34259.28047432205,2.6666666666666665,-77.11696723929153,-16.666666666666664,False
2022-05-17 20:00:00,1108409.5101072358,21733.51980602423,5449.41345810576,59241.530919967416,51,32,39,1,34637.79719085112,1.59375,115.69036569774794,27.499999999999993,False
2022-05-17 21:00:00,1003841.0020342573,25096.02505085643,8683.9115,49241.60548028315,40,30,30,0,33461.36673447524,1.3333333333333333,-9.434104193391645,-21.568627450980394,False
2022-05-17 22:00:00,2407530.7420747876,54716.60777442699,5506.385159073025,158151.24579306092,44,26,28,3,92597.33623364568,1.6923076923076923,139.8318794705526,10.000000000000009,False
2022-05-17 23:00:00,1060742.728078772,25871.773855579806,7511.44081656783,97473.0794472771,41,24,22,1,44197.613669948834,1.7083333333333333,-55.940636207011266,-6.818181818181824,False
2022-05-18 00:00:00,1409806.8673836675,50350.24526370241,3558.26182316522,162473.51324681824,28,17,25,2,82929.81572845102,1.6470588235294117,32.90752131170618,-31.707317073170728,False
2022-05-18 01:00:00,592522.9801390682,10395.140002439794,6525.15656641203,14133.731164610714,57,29,36,0,20431.82690134718,1.9655172413793103,-57.97133679461515,103.57142857142856,False
2022-05-18 02:00:00,216201.42868615576,7206.714289538525,1976.97854386829,9946.526232899556,30,22,20,0,9827.337667552534,1.3636363636363635,-63.51172259421699,-47.36842105263158,False
2022-05-18 03:00:00,191187.8348552301,5031.258811979739,1343.4841020499998,6861.148267674222,38,23,30,0,8312.514558923047,1.6521739130434783,-11.569578417188042,26.66666666666666,False
2022-05-18 04:00:00,651076.9294571523,11225.464300985384,5235.12072228315,14135.735016880279,58,28,34,0,23252.74748061258,2.0714285714285716,240.54307375265594,52.63157894736843,False
2022-05-18 05:00:00,1224450.6193113718,33093.25998138843,23760.43892,35979.52566168217,37,22,25,0,55656.84633233508,1.6818181818181819,88.06542881688048,-36.206896551724135,False
2022-05-18 06:00:00,963308.4228546752,16055.140380911254,9391.87075578234,20943.444265398073,60,30,23,0,32110.28076182251,2.0,-21.327295060993347,62.16216216216217,False
2022-05-18 07:00:00,2346241.320386308,39104.02200643846,3833.8090128265103,170983.32722140005,60,29,43,2,80904.87311676923,2.0689655172413794,143.56076047102744,0.0,False
2022-05-18 08:00:00,2083284.467069976,28538.14338452022,2458.61314896937,103741.6384094798,73,31,57,2,67202.72474419278,2.3548387096774195,-11.207579162105796,21.666666666666657,False
2022-05-18 09:00:00,268718.83064409334,8668.349375615913,873.096070580989,17357.1347622085,31,15,25,0,17914.58870960622,2.066666666666667,-87.10119357717713,-57.53424657534247,False
2022-05-18 10:00:00,424210.9872590454,8003.980891680102,4472.80526527209,13512.725303556328,53,23,43,0,18443.955967784583,2.3043478260869565,57.86425768609229,70.96774193548387,False
2022-05-18 11:00:00,393894.93486413336,4923.686685801667,1596.85713741,14103.776059552829,80,31,56,0,12706.288221423656,2.5806451612903225,-7.146456198787588,50.9433962264151,False
2022-05-18 12:00:00,747810.9163000727,7190.489579808391,1842.112057093615,11692.543379935325,104,52,70,0,14380.979159616782,2.0,89.85035097189457,30.000000000000004,False
2022-05-18 13:00:00,11660044.962571787,191148.27807494733,6013.29714145673,901769.24806278,61,34,39,3,342942.4988991702,1.7941176470588236,1459.2236898950246,-41.34615384615385,False
2022-05-18 14:00:00,1979824.2474514644,15467.376933214566,6069.545701854745,30615.014428786915,128,48,68,0,41246.338488572175,2.6666666666666665,-83.02044071179306,109.8360655737705,False
2022-05-18 15:00:00,1199742.565494802,13790.144430974737,3223.84906012927,32649.97583850322,87,40,63,0,29993.564137370053,2.175,-39.40156218213941,-32.03125,False
2022-05-18 16:00:00,2356687.1090730987,48095.6552872061,1772.42965002123,203326.01588835963,49,26,37,1,90641.81188742687,1.8846153846153846,96.43273289225556,-43.67816091954023,False
2022-05-18 17:00:00,916133.7063725601,16656.976479501092,1554.6266896,56115.320909318034,55,30,37,1,30537.79021241867,1.8333333333333333,-61.12620539037608,12.244897959183664,False
2022-05-18 18:00:00,1481086.5938577056,38975.96299625541,2177.82,140629.3217574799,38,25,33,2,59243.46375430822,1.52,61.667078020967224,-30.909090909090907,False
2022-05-18 19:00:00,516660.76455432124,12015.366617542355,1449.0,25808.969829086887,43,26,31,0,19871.567867473896,1.6538461538461537,-65.11610011885915,13.157894736842103,False
2022-05-18 20:00:00,1342329.8291843485,21650.481115876588,10000.0,31791.36036273478,62,41,37,0,32739.751931325573,1.5121951219512195,159.80874130093093,44.18604651162789,False
2022-05-18 21:00:00,298196.54964071885,8283.237490019968,1084.55425387314,26624.774872617465,36,24,28,0,12424.856235029953,1.5,-77.7851506271067,-41.93548387096774,False
2022-05-18 22:00:00,1264400.6214238661,14702.332807254257,4845.576173137025,19570.677434126934,86,33,42,0,38315.170346177765,2.606060606060606,324.0158455714109,138.88888888888889,False
2022-05-18 23:00:00,929145.4467101127,23824.242223336223,3640.0,46881.76220024539,39,23,27,0,40397.62811783099,1.6956521739130435,-26.514948587751885,-54.65116279069768,False
2022-05-19 00:00:00,417481.2493281723,12650.946949338555,2642.69638089944,35724.30051587429,33,21,26,0,19880.05949181773,1.5714285714285714,-55.068256449366885,-15.384615384615385,False
2022-05-19 01:00:00,593564.9872193078,14132.499695697805,2638.09976558302,22335.62726592552,42,18,30,0,32975.832623294875,2.3333333333333335,42.177639875921756,27.27272727272727,False
2022-05-19 02:00:00,1425173.578344407,30982.034311834934,2149.31117137707,74320.83062766577,46,30,35,0,47505.785944813564,1.5333333333333334,140.10405078321105,9.523809523809534,False
2022-05-19 03:00:00,1379934.4396298488,27057.53803195782,19436.8983755502,31333.600229098465,51,32,34,0,43122.951238432775,1.59375,-3.1742897428053363,10.869565217391308,False
2022-05-19 04:00:00,5998170.018786267,93721.40654353543,2247.75,351178.40073973854,64,33,41,3,181762.7278420081,1.9393939393939394,334.6706514836462,25.49019607843137,False
2022-05-19 05:00:00,11704028.897921013,123200.30418864224,7659.81342795674,408577.17969228094,95,38,52,5,308000.7604716056,2.5,95.1266613194357,48.4375,False
2022-05-19 06:00:00,3567763.481217837,96426.04003291452,7047.59481225219,340998.2398197907,37,31,23,2,115089.1445554141,1.1935483870967742,-69.51679193263459,-61.05263157894737,False
2022-05-19 07:00:00,436280.4761358441,10146.057584554514,1530.85992957574,34369.90723098391,43,30,31,0,14542.682537861469,1.4333333333333333,-87.77159757274823,16.216216216216207,False
2022-05-19 08:00:00,461588.7907472352,12475.372722898248,2711.0,29271.46771973234,37,25,32,0,18463.551629889407,1.48,5.800927613251905,-13.953488372093027,False
2022-05-19 09:00:00,558290.2269317072,17446.56959161585,5024.207617797385,31876.585775907286,32,21,25,0,26585.24890150987,1.5238095238095237,20.949693346740194,-13.513513513513509,False
2022-05-19 10:00:00,17750779.876535922,507165.13932959776,2023.30757959646,2939014.019255792,35,26,25,1,682722.3029436893,1.3461538461538463,3079.489631063752,9.375,False
2022-05-19 11:00:00,802485.3033968464,11464.075762812092,5313.507628,29043.79918136904,70,53,32,0,15141.232139563139,1.320754716981132,-95.47915466825421,100.0,False
2022-05-19 12:00:00,2067219.2908130656,51680.48227032664,6689.4338140483105,188254.56999841667,40,27,30,1,76563.67743752095,1.4814814814814814,157.60213701892317,-42.85714285714286,False
2022-05-19 13:00:00,1547906.4206589637,46906.25517148375,5884.707287,205416.46511453114,33,24,24,1,64496.10086079015,1.375,-25.121324692642986,-17.500000000000004,False
2022-05-19 14:00:00,1687174.775755201,26780.5519961143,14003.4850701145,86828.5527400751,63,36,38,2,46865.96599320003,1.75,8.997207663041351,90.90909090909092,False
2022-05-19 15:00:00,474721.4352672593,12172.34449403229,5800.0,16123.496753785057,39,26,30,0,18258.516741048436,1.5,-71.86293666257735,-38.095238095238095,False
2022-05-19 16:00:00,667388.5910131544,13620.175326799068,8542.2057430248,15626.981523392058,49,24,30,0,27807.857958881432,2.0416666666666665,40.58530781055359,25.64102564102564,False
2022-05-19 17:00:00,1559543.8158422322,37131.99561529124,3902.5626926421346,133568.70420216722,42,23,33,2,67806.25286270575,1.826086956521739,133.6785250516057,-14.28571428571429,False
2022-05-19 18:00:00,1275020.453415752,33553.169826730315,2955.0609166149998,116938.02010637628,38,25,32,2,51000.81813663008,1.52,-18.244012097398066,-9.523809523809524,False
2022-05-19 19:00:00,468566.82144321105,14198.994589188214,3350.60846318,44649.000068912246,33,22,23,0,21298.49188378232,1.5,-63.25025059888798,-13.157894736842103,False
2022-05-19 20:00:00,334578.0723286037,11949.216868878704,4439.8469000452005,19301.760520125288,28,16,17,0,20911.129520537732,1.75,-28.595441030569514,-15.151515151515149,False
2022-05-19 21:00:00,1161691.3091164944,55318.63376745211,1709.289,101216.31558400748,21,16,18,0,72605.7068197809,1.3125,247.21083214788408,-25.0,False
2022-05-19 22:00:00,928526.6526482685,26529.332932807672,10000.0,56327.59775999636,35,22,23,0,42205.75693855766,1.5909090909090908,-20.071137197846088,66.66666666666667,False
2022-05-19 23:00:00,158063.63641990974,6322.54545679639,2174.76,7151.019305967408,25,17,18,0,9297.860965877044,1.4705882352941178,-82.97694137598597,-28.57142857142857,False
2022-05-20 00:00:00,9489045.585767167,206283.59969059058,9727.925,522937.4992842001,46,27,35,8,351446.13280619134,1.7037037037037037,5903.307149380453,84.00000000000001,False
2022-05-20 01:00:00,3785527.5424702717,157730.31426959464,3510.4728485649553,594576.3387472259,24,17,18,2,222678.0907335454,1.411764705882353,-60.10634042955522,-47.82608695652174,False
2022-05-20 02:00:00,155993.1585816671,7428.245646746053,2043.0,9233.480794957124,21,15,16,0,10399.543905444474,1.4,-95.87922272836317,-12.5,False
2022-05-20 03:00:00,395364.6722803076,7603.166774621301,3661.795,14694.446699110253,52,26,30,0,15206.333549242601,2.0,153.45000759973863,147.61904761904762,False
2022-05-20 04:00:00,213861.1905363116,7920.7848346782075,1000.0,20905.034185556364,27,17,24,0,12580.07003154774,1.588235294117647,-45.907865439052884,-48.07692307692307,False
2022-05-20 05:00:00,84667450.6048802,1924260.2410200045,5878.60896361481,8284111.262741448,44,23,32,5,3681193.5045600086,1.9130434782608696,39489.90894633801,62.962962962962955,False
2022-05-20 06:00:00,2222208.653704745,79364.59477516948,9467.2097107573,223392.62264820345,28,26,18,1,85469.56360402866,1.0769230769230769,-97.37536841155737,-36.36363636363637,False
2022-05-20 07:00:00,363082.4075467628,15128.433647781783,1942.27398471854,26460.075586742667,24,14,20,0,25934.457681911626,1.7142857142857142,-83.6611918983642,-14.28571428571429,False
2022-05-20 08:00:00,73412.3056945792,5243.736121041372,4234.5635585,4111.213087970208,14,12,12,0,6117.692141214934,1.1666666666666667,-79.78081444633911,-41.666666666666664,False
2022-05-20 09:00:00,91999.53819524824,7076.887553480634,5229.73680015958,4063.2891504696618,13,8,12,0,11499.94227440603,1.625,25.318960254427104,-7.14285714285714,False
2022-05-20 10:00:00,180117.00909380373,9005.850454690186,1889.945,13771.241134628632,20,16,16,0,11257.313068362733,1.25,95.78034045295539,53.846153846153854,False
2022-05-20 11:00:00,456940.8078766491,11423.520196916226,5110.017827883235,15330.2563560624,40,29,30,0,15756.579581953416,1.3793103448275863,153.6910923491281,100.0,False
2022-05-20 12:00:00,1005890.5578345194,27941.404384292207,8939.2491388304,59290.30487229743,36,24,26,0,41912.10657643831,1.5,120.13585578157841,-9.999999999999998,False
2022-05-20 13:00:00,1595688.2103745413,27511.86569611278,7424.8232620352555,46701.12852100571,58,32,33,0,49865.25657420442,1.8125,58.634376070666974,61.111111111111114,False
2022-05-20 14:00:00,444686.3662868943,10846.00893382669,2997.0,17790.439018432844,41,28,29,0,15881.655938817654,1.4642857142857142,-72.13200151535135,-29.31034482758621,False
2022-05-20 15:00:00,736576.7990799502,18886.584591793595,4475.56317347914,44066.216262098664,39,27,29,0,27280.622188146303,1.4444444444444444,65.63961814937667,-4.878048780487809,False
2022-05-20 16:00:00,273625.03875797935,8826.614153483204,4631.81,12810.181373350892,31,19,27,0,14401.317829367334,1.631578947368421,-62.8517977894822,-20.512820512820518,False
2022-05-20 17:00:00,491553.5625454249,14044.387501297855,5000.0,28288.30243333272,35,19,28,0,25871.24013396973,1.8421052631578947,79.64494944492371,12.903225806451623,False
2022-05-20 18:00:00,1130871.3147518544,23559.8190573303,3912.629427975,56561.76727970194,48,21,29,0,53851.014988183546,2.2857142857142856,130.06064871055628,37.142857142857146,False
2022-05-20 19:00:00,1982396.2654593398,23599.95554118262,9275.453436045409,45587.951203095974,84,45,52,0,44053.25034354089,1.8666666666666667,75.29812982251957,75.0,False
2022-05-20 20:00:00,157148.7121949998,6547.863008124991,989.140512149356,11220.837387272071,24,20,22,0,7857.435609749989,1.2,-92.07279014124923,-71.42857142857143,False
2022-05-20 21:00:00,954216.0392689249,18710.118417037742,1923.08124397547,87269.51320709079,51,30,37,1,31807.201308964162,1.7,507.2057644894187,112.5,False
2022-05-20 22:00:00,9914693.615729945,206556.11699437385,5999.90450630763,931039.108778654,48,30,28,2,330489.78719099815,1.6,939.0407630672519,-5.882352941176472,False
2022-05-20 23:00:00,976345.6613952699,44379.34824523954,7186.13897455641,133047.54216006704,22,16,18,1,61021.60383720437,1.375,-90.15253825043801,-54.16666666666667,False
2022-05-21 00:00:00,89763822.5001894,1726227.355772873,29175.157156342502,3336217.9086897993,52,31,30,11,2895607.177425464,1.6774193548387097,9093.85685310572,136.36363636363637,False
2022-05-21 01:00:00,925822.0002414215,34289.70371264524,14667.2490982299,74139.75054765634,27,18,22,1,51434.55556896786,1.5,-98.9686023005098,-48.07692307692307,False
2022-05-21 02:00:00,509268.2433179652,26803.591753577115,7542.54217245492,34255.98340256409,19,14,17,0,36376.30309414037,1.3571428571428572,-44.992855734129655,-29.629629629629626,False
2022-05-21 03:00:00,1090454.6264304123,27261.365660760308,3861.5,48560.478388745265,40,24,30,0,45435.60943460051,1.6666666666666667,114.12185832085733,110.52631578947367,False
2022-05-21 04:00:00,703663.337411799,20104.666783194258,8049.20305691567,28574.118904828014,35,21,25,0,33507.77797199043,1.6666666666666667,-35.470644962529896,-12.5,False
2022-05-21 05:00:00,323006.84893176146,12920.273957270458,1784.9716793865,20301.43319255018,25,20,20,0,16150.342446588073,1.25,-54.0963935793729,-28.57142857142857,False
2022-05-21 06:00:00,902217.8810554382,33415.47707612734,4490.08223649,119768.65410552085,27,24,20,1,37592.41171064326,1.125,179.3184986755625,8.000000000000007,False
2022-05-21 07:00:00,589990.2629710821,13408.869612979139,5199.742396359779,31663.707141387615,44,37,33,0,15945.68278300222,1.1891891891891893,-34.606675908385235,62.962962962962955,False
2022-05-21 08:00:00,197906.7420154484,9424.13057216421,7593.67579635334,9439.735621335174,21,15,15,0,13193.782801029893,1.4,-66.45593081166686,-52.27272727272727,False
2022-05-21 09:00:00,150686.70900326892,9417.919312704307,3047.320984205,13027.547296291927,16,14,15,0,10763.33635737635,1.1428571428571428,-23.859739456725293,-23.809523809523814,False
2022-05-21 10:00:00,3177809.1463024914,151324.2450620234,4863.79913,445173.09889951174,21,16,19,2,198613.0716439057,1.3125,2008.884829539647,31.25,False
2022-05-21 11:00:00,495817.571246525,15994.115201500807,2420.59450045467,49201.67529316819,31,25,24,0,19832.702849860998,1.24,-84.39750317216411,47.61904761904763,False
2022-05-21 12:00:00,162249.45602792138,4772.0428243506285,1533.91304245805,6351.113983626398,34,22,29,0,7374.975273996426,1.5454545454545454,-67.27638037917589,9.677419354838701,False
2022-05-21 13:00:00,93730346.210511,2082896.5824558,2996.43647,9725344.738414148,45,32,32,2,2929073.3190784687,1.40625,57669.282255332204,32.35294117647059,False
2022-05-21 14:00:00,1679968.707413909,20740.354412517394,12675.9573485513,36539.52392868478,81,37,45,0,45404.55965983538,2.189189189189189,-98.20765763134936,80.0,False
2022-05-21 15:00:00,215640.05968705684,7701.430703109173,5078.48137991153,11237.323004670217,28,21,23,0,10268.57427081223,1.3333333333333333,-87.16404307202804,-65.4320987654321,False
2022-05-21 16:00:00,424417.8472011872,14635.098179351284,396.58933174,49600.833533013334,29,21,23,0,20210.37367624701,1.380952380952381,96.8177192202204,3.571428571428581,False
2022-05-21 17:00:00,1260882.3636618431,26827.284333230706,4000.24726037144,94774.20663496954,47,33,37,1,38208.556474601304,1.4242424242424243,197.08514191302277,62.06896551724137,False
2022-05-21 18:00:00,370022.9419533769,8810.070046508974,4216.350101463405,18019.7145015027,42,26,26,0,14231.65161359142,1.6153846153846154,-70.6536507593968,-10.63829787234043,False
2022-05-21 19:00:00,578247.9615584606,13141.99912632865,10152.22378231283,15995.169765823819,44,25,30,0,23129.918462338424,1.76,56.273543068937634,4.761904761904767,False
2022-05-21 20:00:00,461808.03621875244,10262.400804861165,2931.20693473624,17243.696440572086,45,29,32,0,15924.415042025947,1.5517241379310345,-20.136677183588503,2.2727272727272707,False
2022-05-21 21:00:00,767344.8103954024,31972.700433141767,3311.57568145555,131828.84155105852,24,18,19,1,42630.26724418902,1.3333333333333333,66.1609911941682,-46.666666666666664,False
2022-05-21 22:00:00,231302.21425073908,7461.3617500238415,2946.46340940563,9396.653479892517,31,21,21,0,11014.391154797098,1.4761904761904763,-69.85680868401883,29.166666666666675,False
2022-05-21 23:00:00,93855.49226099308,5214.194014499615,6332.05577161373,3499.2355337598196,18,11,14,0,8532.317478272098,1.6363636363636365,-59.42300311952453,-41.93548387096774,False
2022-05-22 00:00:00,244139.04837657066,9042.186976910025,5126.84802436702,9314.359448684765,27,17,20,0,14361.12049273945,1.588235294117647,160.12228213312173,50.0,False
2022-05-22 01:00:00,108474.80176865925,3740.5104058158363,2992.0,3643.9546993441313,29,23,21,0,4716.2957290721415,1.2608695652173914,-55.56843426318964,7.407407407407418,False
2022-05-22 02:00:00,1609166.597951839,94656.85870304935,15000.0,230303.15565245197,17,12,14,1,134097.2164959866,1.4166666666666667,1383.4473736892899,-41.379310344827594,False
2022-05-22 03:00:00,345977.2042590045,9610.47789608346,5052.004081060165,11213.423748783047,36,27,19,0,12813.970528111278,1.3333333333333333,-78.49960316729371,111.76470588235294,False
2022-05-22 04:00:00,176797.4464473154,4911.040179092094,1004.4945,9159.137034060546,36,13,12,0,13599.803572870414,2.769230769230769,-48.8991054118809,0.0,False
2022-05-22 05:00:00,315716.4482068145,7892.911205170361,7637.330794056035,6720.664976179484,40,17,21,0,18571.55577687144,2.3529411764705883,78.5752308933354,11.111111111111116,False
2022-05-22 06:00:00,2987121.1586550414,78608.45154355372,5355.729345953575,210223.6409890505,38,21,23,3,142243.8646978591,1.8095238095238095,846.1404927177839,-5.000000000000004,False
2022-05-22 07:00:00,262587.9456686582,7723.174872607594,5518.51990673352,9083.358711250068,34,18,21,0,14588.219203814344,1.8888888888888888,-91.209330598867,-10.526315789473683,False
2022-05-22 08:00:00,1024241.2218305136,64015.0763644071,1534.0503640000002,239950.59230401216,16,13,14,1,78787.78629465488,1.2307692307692308,290.05645107675036,-52.94117647058824,False
2022-05-22 09:00:00,24866.13814631219,1657.7425430874794,1428.11789936941,1676.184973926745,15,13,14,0,1912.77985740863,1.1538461538461537,-97.57223810013508,-6.25,False
2022-05-22 10:00:00,108291.07509014757,4165.04134962106,1521.750158769485,8061.231455268161,26,19,22,0,5699.5302679025035,1.368421052631579,335.4961532545327,73.33333333333334,False
2022-05-22 11:00:00,1380928.3126074704,23405.5646204656,3751.24608152352,120524.38273536597,59,35,37,1,39455.094645927726,1.6857142857142857,1175.200483011096,126.92307692307692,False
2022-05-22 12:00:00,241859.84719958052,4935.915248971031,1920.0,8945.021524720427,49,19,30,0,12729.465642083185,2.5789473684210527,-82.48570581170137,-16.94915254237288,False
2022-05-22 13:00:00,985696.3645745221,15401.505696476908,6910.48319953,55772.9376329601,64,31,37,1,31796.65692175878,2.064516129032258,307.54857657754764,30.612244897959172,False
2022-05-22 14:00:00,146000.94241786117,7300.0471208930585,4992.252772,9463.240523288016,20,14,17,0,10428.63874413294,1.4285714285714286,-85.18804089524235,-68.75,False
2022-05-22 15:00:00,1900319.4645721042,47507.9866143026,4182.98865413259,146524.31393241003,40,26,32,2,73089.21017585017,1.5384615384615385,1201.580272772011,100.0,False
2022-05-22 16:00:00,100231.6569458745,5011.5828472937255,1240.08111448868,12424.239583242044,20,17,16,0,5895.979820345559,1.1764705882352942,-94.72553647876023,-50.0,False
2022-05-22 17:00:00,243656.59870818406,12824.031510957057,2099.17592210589,30779.05949421148,19,15,15,0,16243.77324721227,1.2666666666666666,143.09345583278105,-5.000000000000004,False
2022-05-22 18:00:00,83718.01263672436,2092.950315918109,950.994978277231,2439.185683362068,40,17,23,0,4924.588978630845,2.3529411764705883,-65.64098280917503,110.52631578947367,False
2022-05-22 19:00:00,561180.7863039721,9675.530798344347,2612.711057952005,14882.672689493313,58,30,36,0,18706.026210132404,1.9333333333333333,570.3226326442923,44.99999999999999,False
2022-05-22 20:00:00,722139.5619899525,36106.978099497624,2171.76,99990.37239303299,20,14,18,0,51581.3972849966,1.4285714285714286,28.682160831998726,-65.51724137931035,False
2022-05-22 21:00:00,79453.433553865,4673.731385521471,2847.15,6351.704157089946,17,12,13,0,6621.119462822084,1.4166666666666667,-88.99749608857871,-15.000000000000002,False
2022-05-22 22:00:00,1312426.0920313655,65621.30460156828,4321.0,254419.26472516372,20,14,15,1,93744.72085938325,1.4285714285714286,1551.8179684980055,17.647058823529417,False
2022-05-22 23:00:00,59370.99017719405,2968.5495088597027,801.815,4441.959289855985,20,14,13,0,4240.785012656718,1.4285714285714286,-95.47624124987489,0.0,False
2022-05-23 00:00:00,79038.53793707586,5269.235862471724,1101.55001686033,9877.13713085462,15,14,14,0,5645.609852648276,1.0714285714285714,33.12652812625083,-25.0,False
2022-05-23 01:00:00,141335.65442079445,6145.02845307802,1031.312125,15264.362003773524,23,15,18,0,9422.376961386297,1.5333333333333334,78.81865999762616,53.33333333333334,False
2022-05-23 02:00:00,6739849.295865369,67398.49295865369,13272.1232657271,267974.65491554677,100,35,42,3,192567.12273901055,2.857142857142857,4668.682979171706,334.78260869565213,False
2022-05-23 03:00:00,174071.76458768302,5802.392152922767,3706.400783270965,6697.852989770183,30,19,18,0,9161.67182040437,1.5789473684210527,-97.41727512075872,-70.0,False
2022-05-23 04:00:00,99804.57225294603,7128.8980180675735,4984.3994149516,6889.5851074332195,14,9,11,0,11089.396916994003,1.5555555555555556,-42.66469781049832,-53.333333333333336,False
2022-05-23 05:00:00,25365880.957669158,1811848.6398335113,3352.27068837661,4810430.62664044,14,11,9,4,2305989.1779699232,1.2727272727272727,25315.549994424637,0.0,False
2022-05-23 06:00:00,4751830.385969401,190073.21543877607,2099.17592210589,591247.8701592702,25,20,16,3,237591.51929847006,1.25,-81.26684267777135,78.57142857142858,False
2022-05-23 07:00:00,1853761.433122943,97566.391216997,874.740973,412273.3262362928,19,16,14,1,115860.08957018393,1.1875,-60.98847638593134,-24.0,False
2022-05-23 08:00:00,6599919.513311709,183331.09759199191,581.856057226786,751459.6704894435,36,21,24,2,314281.88158627186,1.7142857142857142,256.02852639959946,89.4736842105263,False
2022-05-23 09:00:00,72909.77438282971,2083.1364109379915,1977.43118654941,1858.514453344553,35,24,23,0,3037.907265951238,1.4583333333333333,-98.89529297689504,-2.777777777777779,False
2022-05-23 10:00:00,172732.79578230283,4798.133216175079,501.2186595492855,8522.98711999231,36,18,30,0,9596.266432350158,2.0,136.91308503483927,2.857142857142847,False
2022-05-23 11:00:00,109139.37976509845,2182.787595301969,600.827273769105,3891.37782838614,50,23,41,0,4745.190424569498,2.1739130434782608,-36.816063637013045,38.888888888888886,False
2022-05-23 12:00:00,1194752.6135659537,22125.048399369512,5041.09745837234,93833.82594211798,54,34,43,1,35139.78275193981,1.588235294117647,994.7035031144846,8.000000000000007,False
2022-05-23 13:00:00,2222380.609240135,42738.08863923337,5022.30365664956,154727.8567803268,52,33,42,2,67344.86694667077,1.5757575757575757,86.01178051471604,-3.703703703703709,False
2022-05-23 14:00:00,185139.32701964275,8049.535957375771,2909.50885887334,20162.398611958775,23,14,17,0,13224.237644260196,1.6428571428571428,-91.66932404603078,-55.769230769230774,False
2022-05-23 15:00:00,70043.19874507895,3502.159937253947,1011.317460343923,6092.262723685399,20,14,17,0,5003.085624648496,1.4285714285714286,-62.167304012265554,-13.043478260869568,False
2022-05-23 16:00:00,730988.1508227692,15552.939379207854,4533.90702099935,33371.03924638799,47,22,27,0,33226.73412830769,2.1363636363636362,943.6247400453374,135.0,False
2022-05-23 17:00:00,8098648.473311955,74987.48586399958,7570.0,348945.7416124205,108,47,50,4,172311.6696449352,2.297872340425532,1007.904206681936,129.78723404255322,False
2022-05-23 18:00:00,4422461.195115813,32758.97181567269,8156.69453716105,128146.39482920311,135,47,45,1,94094.9190450173,2.872340425531915,-45.39260211516205,25.0,False
2022-05-23 19:00:00,1030172.1569594309,20603.443139188617,6675.938816825,35676.14080259962,50,31,35,0,33231.35990191712,1.6129032258064515,-76.70590850865672,-62.96296296296296,False
2022-05-23 20:00:00,333109.9248218963,8327.748120547407,3197.291155344935,13380.391649523142,40,26,28,0,12811.92018545755,1.5384615384615385,-67.6646352193137,-19.999999999999996,False
2022-05-23 21:00:00,6478443.7065230785,134967.5772192308,9306.38911838657,504116.73231267673,48,30,31,4,215948.1235507693,1.6,1844.8365911003414,19.999999999999996,False
2022-05-23 22:00:00,2346993.1873695347,46019.47426214774,7903.39094558322,156755.4658643633,51,30,32,1,78233.10624565116,1.7,-63.77226856187125,6.25,False
2022-05-23 23:00:00,612446.8650684573,11341.60861237884,2050.8107489888353,25119.13334822926,54,28,30,0,21873.102323873474,1.9285714285714286,-73.90504291344466,5.882352941176472,False
2022-05-24 00:00:00,795928.6576386188,25675.117988342543,4857.41955111936,69365.54768096132,31,19,20,0,41890.98198097994,1.631578947368421,29.958809985851186,-42.592592592592595,False
2022-05-24 01:00:00,253336.49225234843,7676.863401586316,5793.11544518049,10476.755482380904,33,18,16,0,14074.249569574913,1.8333333333333333,-68.17095479336635,6.451612903225801,False
2022-05-24 02:00:00,3760892.237063281,73742.98504045648,5153.14024656379,333956.2405397025,51,28,35,2,134317.57989511717,1.8214285714285714,1384.5442137554573,54.54545454545454,False
2022-05-24 03:00:00,547343.1784646263,11645.59954180056,5210.89341176998,34629.550510744164,47,22,32,0,24879.235384755742,2.1363636363636362,-85.44645408686256,-7.843137254901967,False
2022-05-24 04:00:00,511900.0490700173,14625.715687714779,1135.0,41123.431336183894,35,24,27,0,21329.16871125072,1.4583333333333333,-6.475485726163965,-25.531914893617024,False
2022-05-24 05:00:00,181671.60319462168,7266.864127784867,2116.59371726113,12689.961270137892,25,21,20,0,8651.028723553414,1.1904761904761905,-64.51033682753705,-28.57142857142857,False
2022-05-24 06:00:00,690343.8501680125,18166.943425474015,4958.110624653091,42523.9202656263,38,24,24,0,28764.327090333856,1.5833333333333333,279.99546325820603,52.0,False
2022-05-24 07:00:00,85782.85591449887,3574.2856631041195,828.24369244,7176.526512448217,24,16,17,0,5361.428494656179,1.5,-87.57389438703315,-36.8421052631579,False
2022-05-24 08:00:00,2546976.310163958,127348.8155081979,693.490950586565,228964.6905865164,20,14,17,5,181926.87929742556,1.4285714285714286,2869.097126706261,-16.666666666666664,False
2022-05-24 09:00:00,130746.97791786733,4842.480663624716,4484.90760915031,4104.828253777713,27,19,22,0,6881.41989041407,1.4210526315789473,-94.86658052546038,35.00000000000001,False
2022-05-24 10:00:00,149295.90019573065,4035.0243296143417,2544.47487,6026.348964923678,37,19,22,0,7857.678957670034,1.9473684210526316,14.186884143138956,37.037037037037045,False
2022-05-24 11:00:00,318415.4846503488,10271.467246785445,3038.46386380846,15206.89009465812,31,20,25,0,15920.774232517439,1.55,113.2781169696543,-16.216216216216218,False
2022-05-24 12:00:00,14340394.428198803,298758.21725414175,2815.562585377365,1070554.2844397465,48,25,25,5,573615.7771279521,1.92,4403.673696631291,54.83870967741935,False
2022-05-24 13:00:00,2951929.394441808,44058.64767823594,9504.39838571879,155112.10606377534,67,33,28,2,89452.405892176,2.0303030303030303,-79.41528450126054,39.58333333333333,False
2022-05-24 14:00:00,695938.60748047,19883.960213727714,6000.0,33025.679030669744,35,24,30,0,28997.441978352916,1.4583333333333333,-76.42428003898556,-47.76119402985075,False
2022-05-24 15:00:00,249792.77807750885,11354.217185341311,500.0,26861.084680862903,22,16,14,0,15612.048629844303,1.375,-64.10706700382063,-37.142857142857146,False
2022-05-24 16:00:00,582486.1869189843,13238.322429976915,3604.82875498901,24019.266871849475,44,30,27,0,19416.206230632808,1.4666666666666666,133.1877612323296,100.0,False
2022-05-24 17:00:00,2814445.6445857915,87951.42639330598,1509.5549999999998,382812.6181804918,32,21,25,2,134021.221170752,1.5238095238095237,383.178092080189,-27.27272727272727,False
2022-05-24 18:00:00,1414768.3059395652,47158.94353131884,4015.28290356047,152500.41270794751,30,20,22,2,70738.41529697826,1.5,-49.73190160338734,-6.25,False
2022-05-24 19:00:00,1332487.131823564,28967.111561381826,3069.07342743523,103985.4615086188,46,30,33,2,44416.237727452135,1.5333333333333334,-5.81587626543254,53.33333333333334,False
2022-05-24 20:00:00,2278048.479949656,22333.808626957412,11150.2884562284,42861.06690977385,102,42,37,0,54239.24952261086,2.4285714285714284,70.9621373102532,121.73913043478262,False
2022-05-24 21:00:00,411595.7780926111,25724.736130788195,4607.212962573265,60378.45779554189,16,13,14,0,31661.213699431624,1.2307692307692308,-81.93208872790507,-84.31372549019608,False
2022-05-24 22:00:00,416849.9287995769,26053.120549973555,1467.42,59931.57210242327,16,11,15,0,37895.44807268881,1.4545454545454546,1.2765317300663659,0.0,False
2022-05-24 23:00:00,14597962.093511509,33177.18657616252,676.1401957953094,195072.07680406971,440,429,20,10,34027.883667858994,1.0256410256410255,3401.9706337841953,2650.0,False
2022-05-25 00:00:00,32682761.70715915,1089425.3902386383,921.526119475,4089380.0157497865,30,19,21,2,1720145.3530083764,1.5789473684210527,123.88578280858779,-93.18181818181819,False
2022-05-25 01:00:00,62984965.64349576,1614999.119063994,4490.3518014304,6598255.744118112,39,23,30,3,2738476.767108511,1.6956521739130435,92.71616703584422,30.000000000000004,False
2022-05-25 02:00:00,7771499.559715303,165351.0544620277,1667.10260374,760129.5167189655,47,26,33,2,298903.82921981934,1.8076923076923077,-87.66134190863397,20.512820512820507,False
2022-05-25 03:00:00,477691.7458794279,6455.293863235512,3322.8683505560202,9621.809621571823,74,46,52,0,10384.60317129191,1.608695652173913,-93.85328735839332,57.446808510638306,False
2022-05-25 04:00:00,622632.8593691945,10553.09931134228,1473.0,50165.660326229845,59,31,45,1,20084.93094739337,1.903225806451613,30.341975707143696,-20.270270270270274,False
2022-05-25 05:00:00,185790.7518707642,4423.58933025629,1403.204308885,6270.1979049426045,42,25,30,0,7431.6300748305675,1.68,-70.16046469841093,-28.8135593220339,False
2022-05-25 06:00:00,618329.5582394904,19946.114781919045,999.0,91014.48212823107,31,21,29,1,29444.26467807097,1.4761904761904763,232.8096538785739,-26.190476190476186,False
2022-05-25 07:00:00,372262.12731878133,7299.257398407477,1946.36869425815,10807.905885627159,51,35,32,0,10636.060780536609,1.457142857142857,-39.795514809499466,64.51612903225808,False
2022-05-25 08:00:00,571707.2212329177,13612.076696021852,672.1600105081191,61823.49627168355,42,26,32,1,21988.739278189143,1.6153846153846154,53.57652021994288,-17.647058823529417,False
2022-05-25 09:00:00,3140191.6108141663,104673.05369380554,1794.965358949665,546921.1521322593,30,23,27,1,136530.07003539853,1.3043478260869565,449.26568953286477,-28.57142857142857,False
2022-05-25 10:00:00,197546.0226659859,5487.389518499608,1608.97309863693,9646.660521352258,36,25,25,0,7901.840906639435,1.44,-93.70910927901092,19.999999999999996,False
2022-05-25 11:00:00,147855.32848462454,4769.526725310469,775.569310756419,9969.811295125504,31,21,23,0,7040.729927839264,1.4761904761904763,-25.15398361898645,-13.888888888888884,False
2022-05-25 12:00:00,1081055.7855426653,21197.172265542456,6390.08445649995,59025.190909109864,51,29,36,1,37277.785708367766,1.7586206896551724,631.1578125877852,64.51612903225808,False
2022-05-25 13:00:00,1572326.7222127148,10344.25475139944,3487.7302536864254,21945.49015266377,152,68,73,0,23122.451797245805,2.235294117647059,45.44362494886818,198.03921568627453,False
2022-05-25 14:00:00,2495581.8216910185,14766.756341366974,5612.61722817395,40822.97421562125,169,77,90,0,32410.153528454786,2.1948051948051948,58.71903634500462,11.184210526315796,False
2022-05-25 15:00:00,8143675.19995214,72711.3857138584,4995.0,400230.55236229155,112,56,73,4,145422.7714277168,2.0,226.32371053392055,-33.72781065088757,False
2022-05-25 16:00:00,35968185.279320955,455293.4845483665,4021.37740834515,2804457.2238771874,79,43,54,2,836469.4251004873,1.8372093023255813,341.6701844829511,-29.464285714285708,False
2022-05-25 17:00:00,2240837.7650848227,23838.699628561943,1911.3320328700001,120070.45612667104,94,50,63,2,44816.75530169645,1.88,-93.76994488967688,18.98734177215189,False
2022-05-25 18:00:00,1145877.276083613,17628.881170517125,3430.0,45873.45848263026,65,34,46,0,33702.27282598862,1.911764705882353,-48.863889481966226,-30.85106382978723,False
2022-05-25 19:00:00,1002016.7571404778,11258.615248769413,4689.29120910285,21309.587113391706,89,42,61,0,23857.541836678043,2.119047619047619,-12.554618364963366,36.92307692307693,False
2022-05-25 20:00:00,4535628.768034972,43196.46445747593,4862.97808130107,222293.97593174648,105,50,69,4,90712.57536069944,2.1,352.6499917005978,17.97752808988764,False
2022-05-25 21:00:00,10831057.531824335,80230.05579129138,5038.61653171437,388488.619981147,135,64,79,5,169235.27393475524,2.109375,138.79947160042403,28.57142857142858,False
2022-05-25 22:00:00,2688982.052975639,15725.041245471572,5219.67679588678,59609.33001772015,171,60,77,2,44816.36754959398,2.85,-75.17341178297,26.66666666666666,False
2022-05-25 23:00:00,12121740.853675496,126268.13389245309,5199.58852227331,645623.518472817,96,51,57,5,237681.19320932345,1.8823529411764706,350.7929251614575,-43.85964912280702,False
2022-05-26 00:00:00,7494392.436603297,96081.95431542688,5199.58852227331,311174.8736265003,78,56,40,6,133828.436367916,1.3928571428571428,-38.17395927639483,-18.75,False
2022-05-26 01:00:00,791906.9894428604,10558.759859238138,2238.8691710583,32752.530600691887,75,43,51,0,18416.44161495024,1.744186046511628,-89.4333397117675,-3.8461538461538436,False
2022-05-26 02:00:00,10487303.807524754,72828.49866336635,2500.0,540048.264142239,144,87,63,3,120543.72192557188,1.6551724137931034,1224.310044908558,92.0,False
2022-05-26 03:00:00,2300845.3602172555,11860.027629985852,2695.0184475145597,37688.8796337472,194,88,98,0,26145.970002468814,2.2045454545454546,-78.06065884573331,34.72222222222223,False
2022-05-26 04:00:00,3366929.590362833,17355.307166818726,1138.47072781023,121245.50256521282,194,105,94,1,32065.996098693646,1.8476190476190477,46.33445813346244,0.0,False
2022-05-26 05:00:00,40482690.92558211,230015.28934989835,2758.2593575,2632435.575893502,176,85,102,5,476266.9520656719,2.070588235294118,1102.362266245655,-9.278350515463918,False
2022-05-26 06:00:00,10282589.14790773,17166.259011532104,534.495004631841,136401.20493925558,599,467,133,6,22018.39217967394,1.2826552462526766,-74.60003544030744,240.3409090909091,False
2022-05-26 07:00:00,13665307.883986434,17909.971014398998,87.2,156135.27335799803,763,630,129,7,21690.964895216563,1.211111111111111,32.89753862009559,27.378964941569283,False
2022-05-26 08:00:00,10943940.90658032,42749.76916632937,1984.87352705126,365613.10389630124,256,88,164,3,124362.96484750364,2.909090909090909,-19.914421252046022,-66.44823066841415,False
2022-05-26 09:00:00,9953154.927873177,26684.061468828895,3606.07675403629,205363.92042670224,373,144,196,7,69119.13144356373,2.5902777777777777,-9.053283338832784,45.703125,False
2022-05-26 10:00:00,8572463.140268859,25666.057306194187,3048.403050425865,189280.5157060396,334,147,164,4,58316.075784141896,2.272108843537415,-13.871900895843382,-10.45576407506702,False
2022-05-26 11:00:00,5349450.844636814,17713.41339283713,3721.183398745975,89765.02326434899,302,114,166,4,46925.007409094855,2.6491228070175437,-37.59727213631345,-9.58083832335329,False
2022-05-26 12:00:00,6409536.637293953,19132.9451859521,4438.84177871,96783.57996891909,335,148,172,5,43307.679981715904,2.2635135135135136,19.816721817716054,10.927152317880795,False
2022-05-26 13:00:00,10625445.9708671,32198.321123839694,5200.232985282035,107104.28155785467,330,141,189,8,75357.77284302907,2.3404255319148937,65.77557118626696,-1.4925373134328401,False
2022-05-26 14:00:00,22420113.682606358,55495.33089754049,4453.049536,301801.079833422,404,178,202,14,125955.69484610314,2.269662921348315,111.00397803610255,22.424242424242415,False
2022-05-26 15:00:00,8706590.323304353,15887.938546175827,1074.6699135,174034.6273602274,548,215,311,2,40495.768945601645,2.5488372093023255,-61.166163354207384,35.643564356435654,False
2022-05-26 16:00:00,18232314.72609128,31763.614505385507,2695.43203981772,199205.25306442037,574,267,276,8,68285.8229441621,2.149812734082397,109.40820745051082,4.744525547445266,False
2022-05-26 17:00:00,31740095.355709016,67820.71657202781,6128.9863732707145,233196.39334305038,468,203,226,22,156355.1495355124,2.3054187192118225,74.08703081615566,-18.466898954703836,False
2022-05-26 18:00:00,47827224.85218087,90926.28298893702,4930.68,289859.1203008955,526,254,212,41,188296.16083535776,2.0708661417322833,50.6839356220721,12.393162393162394,True
2022-05-26 19:00:00,35633532.613085136,123299.42080652296,4558.92274948,543810.6190708616,289,169,116,28,210849.30540287064,1.7100591715976332,-25.495295361130943,-45.05703422053232,False
2022-05-26 20:00:00,14676517.224209387,46007.890984982405,8686.76177135955,182684.0495863916,319,132,128,5,111185.73654704081,2.4166666666666665,-58.812623537583356,10.380622837370247,False
2022-05-26 21:00:00,15589243.616377525,60423.424869680326,6811.850124015825,187865.18633133732,258,136,118,12,114626.79129689357,1.8970588235294117,6.218957660217694,-19.122257053291534,False
2022-05-26 22:00:00,202118367.2363857,1727507.412276801,4929.80387954,8415458.307684163,117,62,67,6,3259973.665102995,1.8870967741935485,1196.5245281307111,-54.65116279069768,False
2022-05-26 23:00:00,767432.356843305,7751.841988316212,2703.963108,10566.632799210352,99,45,60,0,17054.05237429567,2.2,-99.62030548369424,-15.384615384615385,False
2022-05-27 00:00:00,5175119.220352721,43125.993502939345,9343.789220677696,81637.87505140503,120,66,60,2,78410.89727807154,1.8181818181818181,574.3420673112669,21.212121212121215,False
2022-05-27 01:00:00,1482071.035224281,19500.934674003696,2361.446175,37231.2208873657,76,40,45,0,37051.77588060703,1.9,-71.36160594338409,-36.66666666666667,False
2022-05-27 02:00:00,4200887.288781545,40393.14700751485,4590.912748000001,90666.16876602892,104,45,69,0,93353.05086181211,2.311111111111111,183.44709456829963,36.8421052631579,False
2022-05-27 03:00:00,3908635.140756503,40295.20763666498,7530.13155533827,94177.43786632596,97,40,58,5,97715.87851891258,2.425,-6.956914764304678,-6.730769230769229,False
2022-05-27 04:00:00,7594951.424269692,73737.39246863779,8925.79577,154458.92214308522,103,51,58,7,148920.61616215084,2.019607843137255,94.31211025748784,6.185567010309279,False
2022-05-27 05:00:00,6097817.764270192,89673.79065103224,15128.46965688295,137042.10016564335,68,36,45,6,169383.8267852831,1.8888888888888888,-19.712221663662056,-33.98058252427184,False
2022-05-27 06:00:00,12335535.304467652,123355.35304467652,9777.705550275441,399722.6974517246,100,62,46,10,198960.24684625244,1.6129032258064515,102.29425970626744,47.058823529411775,False
2022-05-27 07:00:00,10410311.019487362,99145.81923321297,17540.0,211725.59732872384,105,45,59,14,231340.24487749694,2.3333333333333335,-15.607140164262,5.000000000000004,False
2022-05-27 08:00:00,7344392.712972438,88486.65919243901,27111.7196998367,130927.1995549125,83,30,39,4,244813.0904324146,2.7666666666666666,-29.450784907153526,-20.952380952380956,False
2022-05-27 09:00:00,5051250.158595575,67350.00211460766,15127.2265866254,130556.515736774,75,35,43,4,144321.43310273072,2.142857142857143,-31.223038364036192,-9.638554216867467,False
2022-05-27 10:00:00,13534325.28103255,84589.53300645344,18677.1695880867,198102.102085369,160,55,62,12,246078.6414733191,2.909090909090909,167.94011098423934,113.33333333333333,False
2022-05-27 11:00:00,5870772.436097099,56449.73496247211,10558.9145636078,127001.04125849176,104,43,53,5,136529.59153714185,2.4186046511627906,-56.6230874890779,-35.0,False
2022-05-27 12:00:00,8842210.5498124,106532.65722665543,48200.0,164309.76341053747,83,31,46,8,285232.59838104516,2.6774193548387095,50.61409117895768,-20.192307692307686,False
2022-05-27 13:00:00,14849107.179103145,119750.86434760601,38206.9964355261,297569.3809568126,124,41,56,11,362173.345831784,3.024390243902439,67.93433152774438,49.39759036144578,False
2022-05-27 14:00:00,6567231.779051677,67703.42040259461,11301.55842183,304973.8359940028,97,38,56,2,172821.88892241256,2.5526315789473686,-55.773557966544864,-21.7741935483871,False
2022-05-27 15:00:00,8237357.182210737,75572.08424046548,12181.2779113251,139967.60178720194,109,46,57,5,179072.98222197255,2.369565217391304,25.43119322339844,12.371134020618557,False
2022-05-27 16:00:00,137813350.7448578,977399.6506727503,8213.69542515874,5495823.3024500795,141,49,102,8,2812517.3621399547,2.877551020408163,1573.0287117144474,29.357798165137616,False
2022-05-27 17:00:00,2523663.662693227,14758.267033293727,6030.70084401963,23126.496789516554,171,55,109,0,45884.79386714959,3.109090909090909,-98.16878143586723,21.27659574468086,False
2022-05-27 18:00:00,2162998.9962753844,15788.313841426163,6163.7698246806,29706.664532928215,137,46,87,0,47021.71731033445,2.9782608695652173,-14.291312735110873,-19.883040935672515,False
2022-05-27 19:00:00,1415305.5819467292,16267.880252261255,3787.82608695652,57147.117137106325,87,30,65,1,47176.85273155764,2.9,-34.56744157607837,-36.496350364963504,False
2022-05-27 20:00:00,2721975.3081337754,22129.880553933133,10304.6547924722,38308.835321694154,123,39,70,0,69794.2386700968,3.1538461538461537,92.32421201856236,41.37931034482758,False
2022-05-27 21:00:00,1994740.2668934506,13037.51808427092,5070.39905223734,27911.961383397906,153,49,87,0,40708.98503864185,3.122448979591837,-26.717179948958737,24.390243902439025,False
2022-05-27 22:00:00,2480462.1387400148,26961.544986304507,3827.5351538699997,70291.27318604279,92,36,64,2,68901.72607611152,2.5555555555555554,24.35013118790714,-39.869281045751634,False
2022-05-27 23:00:00,2130260.6350127626,23669.562611252917,7980.99918607662,54958.04231471357,90,22,48,1,96830.02886421648,4.090909090909091,-14.118397465447385,-2.1739130434782594,False
2022-05-28 00:00:00,1711353.2036162114,25542.58512860017,3159.4139308314,76996.00832587347,67,30,47,2,57045.10678720705,2.2333333333333334,-19.664609321105043,-25.555555555555554,False
2022-05-28 01:00:00,811223.2403444797,12480.357543761225,3092.91575799,38734.067047635275,65,21,46,0,38629.678111641886,3.0952380952380953,-52.59755621280826,-2.985074626865669,False
2022-05-28 02:00:00,605255.6863461537,9457.120099158652,2702.50117639347,18925.212331578376,64,20,47,0,30262.784317307687,3.2,-25.389750164315238,-1.538461538461533,False
2022-05-28 03:00:00,418839.85885728936,5899.1529416519625,3747.63430584,7435.6506781239095,71,23,40,0,18210.428645969103,3.0869565217391304,-30.799516913956047,10.9375,False
2022-05-28 04:00:00,384125.2934296731,5410.215400417931,3167.79593562,7488.764995190045,71,32,47,0,12003.915419677285,2.21875,-8.288266910013565,0.0,False
2022-05-28 05:00:00,10715705.602623846,73395.24385358799,4999.996000480345,465565.1221783463,146,50,82,2,214314.11205247694,2.92,2689.6381170186364,105.63380281690141,False
2022-05-28 06:00:00,2440543.6801994834,23023.996983013996,3622.8300891,100886.06802444046,106,40,59,1,61013.592004987084,2.65,-77.2246105790561,-27.397260273972602,False
2022-05-28 07:00:00,505296.03223572415,7656.0004884200625,1864.5525283350003,20565.041601491997,66,23,42,0,21969.39270590105,2.869565217391304,-79.2957595336125,-37.735849056603776,False
2022-05-28 08:00:00,1647289.3528724697,13727.411273937247,3814.371888375,37524.127863465335,120,41,66,0,40177.78909445048,2.926829268292683,226.00480664451322,81.81818181818181,False
2022-05-28 09:00:00,2832129.7552650184,15647.125719696234,5221.48026550845,27665.716799941372,181,48,77,0,59002.703234687884,3.7708333333333335,71.92667155448294,50.83333333333333,False
2022-05-28 10:00:00,616293.9710223298,8680.196774962391,1500.0,27838.864651441683,71,31,48,0,19880.45067813967,2.2903225806451615,-78.23920426397767,-60.773480662983424,False
2022-05-28 11:00:00,3172713.525870053,23854.98891631619,6124.9176905008,49783.63633274416,133,51,69,0,62210.06913470692,2.607843137254902,414.80521878334235,87.32394366197182,False
2022-05-28 12:00:00,4567063.74774207,30245.455283060066,7404.31127185395,124994.42543753494,151,50,73,2,91341.2749548414,3.02,43.948191682060056,13.533834586466176,False
2022-05-28 13:00:00,4046983.900924704,38179.093404950036,3338.34221989947,167047.94739112968,106,32,71,2,126468.246903897,3.3125,-11.387619607335031,-29.801324503311257,False
2022-05-28 14:00:00,1601218.1312382275,19062.120609978898,3216.87883941169,48144.696179612954,84,30,52,0,53373.93770794092,2.8,-60.43428463176338,-20.75471698113207,False
2022-05-28 15:00:00,4834045.474394909,36346.20657439782,8334.49362717524,101819.86073980096,133,51,75,3,94785.20538029233,2.607843137254902,201.89799753620855,58.33333333333333,False
2022-05-28 16:00:00,2286365.6008043103,18145.758736542146,8140.80329784025,38638.34255853907,126,50,66,0,45727.31201608621,2.52,-52.702852860719084,-5.263157894736848,False
2022-05-28 17:00:00,2085932.1522847917,20450.31521847835,6867.140568274284,53341.50972858138,102,37,61,1,56376.54465634572,2.7567567567567566,-8.766465365338295,-19.047619047619047,False
2022-05-28 18:00:00,1790994.5309723178,23565.717512793653,3366.67849924279,82523.12914629043,76,33,48,1,54272.56154461569,2.303030303030303,-14.139367907504507,-25.49019607843137,False
2022-05-28 19:00:00,579207.2196708852,10342.986065551522,3645.4267489354497,17593.51287661426,56,27,37,0,21452.119247069822,2.074074074074074,-67.66002298418869,-26.315789473684216,False
2022-05-28 20:00:00,1055486.6927773813,13887.982799702386,3545.486406232355,33603.41918406896,76,34,43,0,31043.726258158273,2.235294117647059,82.22954703104799,35.71428571428572,False
2022-05-28 21:00:00,1072707.5267130604,14898.715648792506,4467.853359992036,33406.68866737335,72,37,45,0,28992.0953165692,1.945945945945946,1.631553865484059,-5.263157894736848,False
2022-05-28 22:00:00,485093.9298147445,6219.152946342879,3602.95154889733,8556.663651637848,78,36,51,0,13474.831383742903,2.1666666666666665,-54.77854701913518,8.333333333333325,False
2022-05-28 23:00:00,1104142.6657567734,13631.390935268808,2600.0,49460.91956279465,81,37,46,0,29841.693669101984,2.189189189189189,127.6141996207706,3.8461538461538547,False
2022-05-29 00:00:00,1308140.306882236,15036.095481405011,6693.01439504422,24278.589495709482,87,41,44,0,31905.86114346917,2.1219512195121952,18.475659663567434,7.407407407407418,False
2022-05-29 01:00:00,267425.1044424788,5348.502088849576,3595.99525825296,8844.880219366163,50,22,30,0,12155.686565567217,2.272727272727273,-79.55684852492253,-42.52873563218391,False
2022-05-29 02:00:00,1479949.449891428,39998.633780849406,1705.63204178982,169265.81313248328,37,15,27,1,98663.29665942854,2.466666666666667,453.40707559104806,-26.0,False
2022-05-29 03:00:00,622282.5129818483,15955.961871329444,4106.869253,47642.34673400676,39,24,29,0,25928.438040910347,1.625,-57.952448103717316,5.405405405405395,False
2022-05-29 04:00:00,692391.989359304,17309.7997339826,9347.55605825417,26451.963998938754,40,22,23,0,31472.363152695634,1.8181818181818181,11.266502740291639,2.564102564102555,False
2022-05-29 05:00:00,255733.01220867605,6393.325305216901,2480.08001291893,8283.470696712811,40,24,29,0,10655.542175361503,1.6666666666666667,-63.0652843853212,0.0,False
2022-05-29 06:00:00,1420320.0709883706,37376.84397337817,1666.2666994546,98050.8974653332,38,21,27,2,67634.28909468431,1.8095238095238095,455.3917574901909,-5.000000000000004,False
2022-05-29 07:00:00,502485.96213791997,13580.701679403242,2189.0,22422.396705632975,37,22,25,0,22840.27100626909,1.6818181818181819,-64.62163899519841,-2.631578947368418,False
2022-05-29 08:00:00,324530.6333316163,10817.687777720543,4134.306041,21090.85159935494,30,16,24,0,20283.16458322602,1.875,-35.41498513692992,-18.918918918918916,False
2022-05-29 09:00:00,223877.53543433608,7462.58451447787,2443.8254133299997,15349.78137561545,30,14,22,0,15991.252531024005,2.142857142857143,-31.014975955884417,0.0,False
2022-05-29 10:00:00,1428330.7801984278,36623.86615893405,3277.70098162472,159556.48614428347,39,23,26,1,62101.33826949686,1.6956521739130435,537.9964731286589,30.000000000000004,False
2022-05-29 11:00:00,331777.23132321617,7540.3916209821855,2535.519748475,8812.628521479943,44,20,28,0,16588.86156616081,2.2,-76.77168090733684,12.82051282051282,False
2022-05-29 12:00:00,75067.4420606974,2502.2480686899135,1241.12492682,4485.047224023513,30,16,19,0,4691.715128793588,1.875,-77.37414295691467,-31.818181818181824,False
2022-05-29 13:00:00,380379.01765845285,7607.580353169057,1404.84123842058,11484.028763517937,50,17,28,0,22375.236332850167,2.9411764705882355,406.7163702619428,66.66666666666667,False
2022-05-29 14:00:00,908184.6425514265,18920.51338648805,3692.952582025,60072.4409749159,48,20,34,0,45409.232127571326,2.4,138.75781796326555,-4.0000000000000036,False
2022-05-29 15:00:00,535225.3695338408,12164.212943950928,2785.9780156428,38956.89305848925,44,18,26,0,29734.742751880043,2.4444444444444446,-41.06645890529542,-8.333333333333337,False
2022-05-29 16:00:00,702473.9080591539,20070.6830874044,3779.77333563159,65809.18359884362,35,15,25,1,46831.59387061026,2.3333333333333335,31.248245700867972,-20.45454545454546,False
2022-05-29 17:00:00,609301.6026577165,11078.210957413026,3548.50447659,21259.14240411969,55,25,31,0,24372.06410630866,2.2,-13.26345424826677,57.14285714285714,False
2022-05-29 18:00:00,606040.339281263,26349.579968750564,2878.253811,72530.00617986468,23,18,19,0,33668.90773784794,1.2777777777777777,-0.5352461510405027,-58.18181818181818,False
2022-05-29 19:00:00,48413.059058132014,3227.537270542134,1044.842111,3382.2878854692617,15,8,14,0,6051.632382266502,1.875,-92.01157812109541,-34.78260869565217,False
2022-05-29 20:00:00,236238.46088735812,10271.237429885135,4500.0,13426.353096176383,23,13,17,0,18172.18929902755,1.7692307692307692,387.96433335000506,53.33333333333334,False
2022-05-29 21:00:00,291289.9126185655,8567.350371134278,4420.828048794835,9364.105212777753,34,9,22,0,32365.545846507277,3.7777777777777777,23.303339991474424,47.82608695652173,False
2022-05-29 22:00:00,649171.694940732,15833.455974164195,4026.07594436743,29995.95747506948,41,22,27,0,29507.804315487818,1.8636363636363635,122.86102841837878,20.58823529411764,False
2022-05-29 23:00:00,50704.07735954109,1635.6153986948736,426.0,2337.6124200709173,31,17,23,0,2982.592785855358,1.8235294117647058,-92.18941957040036,-24.390243902439025,False
